engine,phase,noise,repeat,M,D_local,TE_forward,TE_reverse,CMI,valid
1,Early,0.0,0,0.03921678450803423,3.472192446538132,0.0420828432640068,0.011734720861103831,0.0,True
1,Early,0.05,0,0.029304145434085438,3.350125435829705,0.10559426847873965,0.0,0.0,True
1,Early,0.05,1,0.024939346716368327,3.3781645149334403,0.0,0.0,0.0,True
1,Early,0.05,2,0.02616797453375641,3.455998510889647,0.03076685038749849,0.022950208703643504,0.0,True
1,Early,0.05,3,0.042612884948395546,3.404517118120773,0.0026336980728172144,0.0,0.0,True
1,Early,0.05,4,0.03852530432220336,3.4478565496693414,0.07654056396233466,0.021442877974221286,0.0,True
1,Early,0.1,0,0.00956561584142035,3.18708693139241,0.0,0.03432538462704349,0.002977232231542004,True
1,Early,0.1,1,0.021281488957282324,3.332316868329446,0.05285691119003966,0.08958527607354894,0.0,True
1,Early,0.1,2,0.031671736257705696,3.2697122789126793,0.10472967323426241,0.011456438564789284,0.0,True
1,Early,0.1,3,0.06902982957588621,3.3799078454318536,0.02512555230508484,0.0,0.0,True
1,Early,0.1,4,0.0961518811117652,3.4179457893105627,0.06286118352887105,0.028039032090628968,0.0,True
1,Early,0.2,0,0.0756300678288997,3.228754226343224,0.0,0.0,0.022546082120933786,True
1,Early,0.2,1,0.062335919754056945,3.373181311186485,0.05376810565539314,0.0,0.0,True
1,Early,0.2,2,0.09787752571826491,3.4345281826465484,0.03517920746575598,0.0,0.0,True
1,Early,0.2,3,0.07459193342184145,3.396711847106365,0.0,0.0,0.0,True
1,Early,0.2,4,0.03500365527936289,3.3366483178117026,0.047097720644699415,0.0,0.0,True
1,Late,0.0,0,0.11587104088957911,3.4262302107164957,0.0,0.09687240735535463,0.0,True
1,Late,0.05,0,0.16797098483851913,3.3308135583466094,0.053556952626325316,0.051142104579949166,0.026628159272841234,True
1,Late,0.05,1,0.10547333624975419,3.3468968550868365,0.00851385728631504,0.12713575124708987,0.03846421176173864,True
1,Late,0.05,2,0.1485898050490846,3.3303329191041935,0.02239272728854269,0.04588132947870838,0.09601166571183439,True
1,Late,0.05,3,0.15811788062016152,3.2419592418827885,0.028353398001479402,0.0,0.0,True
1,Late,0.05,4,0.11257531911262353,3.276332094527253,0.032062303741355436,0.08798548728706379,0.0,True
1,Late,0.1,0,0.05414277281223212,3.2761301069263626,0.1876311136587656,0.012861341946547089,0.0,True
1,Late,0.1,1,0.12186334639257534,3.4386869516424525,0.022606816796035822,0.10390707212776817,0.0,True
1,Late,0.1,2,0.1622868023398305,3.291310732360503,0.15762335393743054,0.0,0.0,True
1,Late,0.1,3,0.08616592461695038,3.224454818983977,0.08863699844099715,0.12491315713384532,0.0048074036004752685,True
1,Late,0.1,4,0.11781737462883024,3.1327246018300543,0.026828653369752153,0.11589652941214679,0.05241415537073646,True
1,Late,0.2,0,0.07551886467330649,3.1339587433258895,0.10765802996196783,0.02914904915068517,0.18169640641969353,True
1,Late,0.2,1,0.04995489357480176,3.3227932592544973,0.020332582942493183,0.1038986205399377,0.0,True
1,Late,0.2,2,0.17445555315699268,3.3089649881220304,0.0,0.10155494643091911,0.0,True
1,Late,0.2,3,0.05844831064417333,3.206077369572152,0.07767709935508726,0.0,0.03824616480619536,True
1,Late,0.2,4,0.116541389661736,3.0818816780379197,0.05300559603010235,0.08421591175829368,0.016218695533908534,True
2,Early,0.0,0,0.13132639987162653,3.3099183042548197,0.0,0.0,0.0,True
2,Early,0.05,0,0.12986994092933157,3.3985540758749164,0.0,0.029814125678429004,0.0,True
2,Early,0.05,1,0.13431055132477576,3.244999601881398,0.0,0.0,0.0,True
2,Early,0.05,2,0.15639288963266962,3.3708692180378472,0.0,0.0,0.03158150523557346,True
2,Early,0.05,3,0.14896264495546063,3.2605353312035747,0.0,0.0,0.0,True
2,Early,0.05,4,0.11376751812997066,3.307792370036201,0.0,0.004697385476652549,0.0,True
2,Early,0.1,0,0.17360502695115754,3.302699808250773,0.0,0.0,0.0,True
2,Early,0.1,1,0.1581965771683822,3.357508057221701,0.0,0.04248165292400419,0.0,True
2,Early,0.1,2,0.140937655064596,3.349866949354867,0.0,0.031236833702195987,0.0,True
2,Early,0.1,3,0.07031494792226534,3.330494675756002,0.0,0.013875913482243263,0.01616172259403159,True
2,Early,0.1,4,0.19377387905623955,3.2929008569294376,0.0,0.0691391248272808,0.0,True
2,Early,0.2,0,0.1062638126326747,3.2885809841782025,0.0,0.04433555036216763,0.09101583784255407,True
2,Early,0.2,1,0.14036466121850388,3.3237080640873327,0.0,0.0,0.03943820308701529,True
2,Early,0.2,2,0.11871942134970048,3.2413746351378845,0.0,0.004659089835164387,0.0,True
2,Early,0.2,3,0.21303042910864933,3.280881938760011,0.0,0.003605716367151679,0.005410157885453959,True
2,Early,0.2,4,0.08798083616712704,3.218333394664743,0.001601777599095744,0.055535323147914095,0.10700703177982529,True
2,Late,0.0,0,6.507755668540057,3.119746679731831,0.007282823537121175,0.00718481871505583,0.3555655704590932,True
2,Late,0.05,0,6.461744468547285,3.064437774259382,0.04075405302055657,0.030182743452769945,0.3334340514588048,True
2,Late,0.05,1,6.308134514929398,3.137949766125429,0.0,0.03869125264985751,0.3901983151832682,True
2,Late,0.05,2,6.549113285017315,3.124373207312219,0.0,0.07875457659035945,0.40159791739936335,True
2,Late,0.05,3,6.648513046697878,3.140627037147284,0.052096584785497946,0.0,0.3394395740955609,True
2,Late,0.05,4,6.6167825176506945,3.214712979039853,0.0,0.03271489047264353,0.3428610624763775,True
2,Late,0.1,0,6.494312763384398,3.1851433784895127,0.027604879092733015,0.03939693372943731,0.37486319837529924,True
2,Late,0.1,1,6.131085568386635,3.122815772111067,0.0,0.0,0.38644981243918064,True
2,Late,0.1,2,5.7187872757328115,3.1185135723612665,0.0,0.0,0.5285656509784258,True
2,Late,0.1,3,6.67644657884516,3.3095694122039805,0.075356029291624,0.04652058583703633,0.40230331633035554,True
2,Late,0.1,4,6.245174612520521,3.2299414089612313,0.0,0.09258839390378437,0.43677489752183307,True
2,Late,0.2,0,5.806709912968948,3.319444319323155,0.09236098379435953,0.05326392076194075,0.3297469343295618,True
2,Late,0.2,1,6.312591279361303,3.4325564624657794,0.030489419234473125,0.12770103388650744,0.28160744487943923,True
2,Late,0.2,2,5.299687978932622,3.041578525890649,0.04352809812560299,0.04441504899241977,0.3396242087152217,True
2,Late,0.2,3,5.814221929150233,3.2581140099926866,0.0,0.16491396188252017,0.34766761961333037,True
2,Late,0.2,4,5.195280807308901,3.110619392335121,0.04896622293270081,0.10162363126824614,0.22713176000942914,True
3,Early,0.0,0,0.12769079333801692,3.2783649525766005,0.023152556250422673,0.0,0.011824032528877204,True
3,Early,0.05,0,0.14096281882450556,3.235374962195563,0.045873015846157994,0.0,0.0,True
3,Early,0.05,1,0.11146510085978445,3.30726184101204,0.0,0.0,0.0,True
3,Early,0.05,2,0.13460926128090778,3.240638262661186,0.0,0.029219040410133346,0.025608683873250104,True
3,Early,0.05,3,0.11408668837073721,3.157472966761913,0.0,0.0,0.04566486232817102,True
3,Early,0.05,4,0.09410555673135068,3.29877007572455,0.020854811927109917,0.005352370556838348,0.0,True
3,Early,0.1,0,0.10966783411335079,3.3108816529045506,0.004190801809974332,0.0253387799017597,0.12074750081641605,True
3,Early,0.1,1,0.10394346602414783,3.3071757134878257,0.03662141865701107,0.0,0.0,True
3,Early,0.1,2,0.09087980089778336,3.1881115496178687,0.13540661154898537,0.1441879522148981,0.0,True
3,Early,0.1,3,0.10698541805234196,3.273701819075729,0.0,0.08825266560414269,0.0034792798561502636,True
3,Early,0.1,4,0.011953992201299002,3.2285959130898108,0.0,0.001015778960598901,0.0,True
3,Early,0.2,0,0.12856386003900244,3.5041276983319043,0.0,0.0,0.07511179479752039,True
3,Early,0.2,1,0.07989671194619774,3.281010330810006,0.0,0.023200529511722134,0.1306602639608223,True
3,Early,0.2,2,0.08884114451187264,3.1423291330980967,0.03387917574939614,0.009616139275522961,0.08389640101561957,True
3,Early,0.2,3,0.11943478398328322,3.1578646411639206,0.04676481712231784,0.05431952232256787,0.0,True
3,Early,0.2,4,0.09510290743093641,3.157974103943316,0.007444696089490055,0.010787227328885152,0.16890430209616492,True
3,Late,0.0,0,11.244770506271784,2.4949589884127454,0.03961907055163927,0.0,0.12180120052302801,True
3,Late,0.05,0,11.221747986327262,2.553755893924631,0.07381996776800337,0.0,0.15006485309154227,True
3,Late,0.05,1,10.978746797235516,2.613781076148617,0.08056481564549545,0.005499078101097066,0.19020392326082636,True
3,Late,0.05,2,11.093424486511628,2.6344970802909105,0.07370733613187719,0.0,0.17371355877638095,True
3,Late,0.05,3,10.714211122674236,2.5594903434655567,0.018100547287792423,0.0051744541495697405,0.1872859702067693,True
3,Late,0.05,4,10.97313213118273,2.574156396668842,0.0012364842294823042,0.0,0.18547597405769034,True
3,Late,0.1,0,10.026943577395448,2.4408585200786472,0.0,0.08325825815361254,0.15342532263628028,True
3,Late,0.1,1,9.95182416256301,2.7660651528254956,0.18314593039648175,0.03185025364493166,0.17258576393131397,True
3,Late,0.1,2,9.809572346594285,2.524081218781637,0.012849194914386075,0.0,0.243962046514548,True
3,Late,0.1,3,10.551537515786176,2.5155640279614735,0.008150117657135691,0.0,0.3539597306240103,True
3,Late,0.1,4,9.755145161475454,2.418425963182082,0.0,0.0,0.3480529577948559,True
3,Late,0.2,0,7.358548541636377,2.619315590084977,0.0,0.0820766591052493,0.10676048304404251,True
3,Late,0.2,1,6.456393011332537,2.3538086840029524,0.10582113543708527,0.033465505204365975,0.21364377971514337,True
3,Late,0.2,2,7.917796865483488,2.686778036206386,0.04219346007654767,0.0,0.07402919009764997,True
3,Late,0.2,3,7.708998451033117,2.5973805227999662,0.021498728157145486,0.0,0.09574743347384596,True
3,Late,0.2,4,6.369306759783063,2.8163037411697296,0.0,0.0,0.24805484490874985,True
4,Early,0.0,0,0.15210009030114424,3.3346141926582122,0.014640257467682716,0.06381398146236705,0.0,True
4,Early,0.05,0,0.11974650473564097,3.3761140532465412,0.00554180424748818,0.05670831261479581,0.0,True
4,Early,0.05,1,0.13314230780533398,3.35371945581839,0.061879060295610966,0.09753612018969449,0.0,True
4,Early,0.05,2,0.16220560016119911,3.3455519859783505,0.04228101180563737,0.030331840408150956,0.0,True
4,Early,0.05,3,0.1352727596014578,3.2368225312314736,0.02994894528043357,0.15272958340424836,0.0,True
4,Early,0.05,4,0.13384909759135954,3.307693910986951,0.035826155586662356,0.00650162047659153,0.0,True
4,Early,0.1,0,0.0935568530783466,3.2397670522143303,0.026952215506809374,0.1062578029794845,0.0,True
4,Early,0.1,1,0.12187133527542615,3.4237478320276717,0.020302613117324952,0.23261477691445176,0.0,True
4,Early,0.1,2,0.10869293297413174,3.1603688622039905,0.02672175424070522,0.0,0.0,True
4,Early,0.1,3,0.16379083763275215,3.2981495606275524,0.08625394083106785,0.0,0.0,True
4,Early,0.1,4,0.14334223010151348,3.3750439894930735,0.0,0.047349122109268116,0.0,True
4,Early,0.2,0,0.09684550160296013,3.2749214239703384,0.0,0.021549403350088703,0.0037161749575895797,True
4,Early,0.2,1,0.1343015146653923,3.2911753073683006,0.023667152784531797,0.11564848824950857,0.0,True
4,Early,0.2,2,0.09306149659628815,3.114587877302271,0.06493772807008336,0.05115487204373581,0.0,True
4,Early,0.2,3,0.15473863243452435,3.4770691764247865,0.0,0.0,0.0,True
4,Early,0.2,4,0.1502602630718597,3.1214062724103977,0.0,0.04745712165488536,0.028169221235540665,True
4,Late,0.0,0,11.081574720710389,2.513495033818825,0.0,0.05504365788668597,0.3310293886857618,True
4,Late,0.05,0,11.16578813048989,2.554127916172175,0.0,0.1303067550541397,0.2251808426244284,True
4,Late,0.05,1,10.982673266358713,2.4724551761590905,0.0,0.10032349638702254,0.25476995098461996,True
4,Late,0.05,2,11.226347638592713,2.516648142217456,0.0,0.12479906500343185,0.31452541424273095,True
4,Late,0.05,3,11.177073579007898,2.4695974783283443,0.0,0.0,0.23437436581946525,True
4,Late,0.05,4,10.400169147636761,2.596424742866619,0.020107900720296445,0.11089397155926806,0.29210799338782056,True
4,Late,0.1,0,10.30146613150991,2.473030293197689,0.04265838733423166,0.005770240985074171,0.21585918706027796,True
4,Late,0.1,1,9.725125822842971,2.6478980051935013,0.0,0.0,0.221038485721734,True
4,Late,0.1,2,9.862168393437706,2.5212258907557135,0.0,0.06330169050895718,0.2008599466570513,True
4,Late,0.1,3,9.83490425725952,2.506794404105641,0.0,0.0,0.28737707116250677,True
4,Late,0.1,4,9.660527714588595,2.451498603592731,0.0,0.11473177833753123,0.14719991081597605,True
4,Late,0.2,0,8.379431548731018,2.5055153231872938,0.060074221177102594,0.0,0.16790299064382852,True
4,Late,0.2,1,8.981111938744045,2.594722530771339,0.0,0.0,0.3069135154234486,True
4,Late,0.2,2,9.029080331358378,2.6565765760500035,0.0,0.0,0.37777998072565033,True
4,Late,0.2,3,8.393173915539048,2.73104779245468,0.0,0.09266333838107599,0.08991280500409404,True
4,Late,0.2,4,7.755630387841339,2.5479944457856636,0.1598222178404871,0.0177068030769445,0.3583706323026119,True
5,Early,0.0,0,0.08723351982372574,3.4687779071559177,0.0,0.061414133690664396,0.0,True
5,Early,0.05,0,0.08321939689308877,3.5823361060980656,0.01115814462840703,0.022149671571966678,0.0,True
5,Early,0.05,1,0.08826261364212096,3.4337398009463045,0.0,0.06131912045033294,0.0,True
5,Early,0.05,2,0.0999108072284236,3.615560486668549,0.0,0.0,0.0,True
5,Early,0.05,3,0.06082962429270111,3.5314109925804926,0.031782962634089085,0.0906052633798371,0.0,True
5,Early,0.05,4,0.04739968421651497,3.4401451508780196,0.0035477219373456492,0.059118508726333285,0.0,True
5,Early,0.1,0,0.06078359444640036,3.423047485708644,0.0,0.08907058009640068,0.0,True
5,Early,0.1,1,0.08669661072885448,3.4051685978383066,0.0,0.053181921395280884,0.0,True
5,Early,0.1,2,0.05622878931711828,3.558325042463434,0.0,0.006020971747288328,0.0,True
5,Early,0.1,3,0.10404754150358464,3.497727129876681,0.0,0.12241731440390202,0.043251829918788065,True
5,Early,0.1,4,0.058794709652410404,3.531112972805528,0.16262439797958983,0.0032822424689862295,0.0,True
5,Early,0.2,0,0.06864975010865226,3.4669670513185853,0.0,0.030519618745087573,0.0,True
5,Early,0.2,1,0.0839020895783773,3.6214593487748563,0.0,0.0,0.0,True
5,Early,0.2,2,0.16568761159880196,3.5283033140049853,0.07965106905401509,0.08705545582448293,0.08169099708972327,True
5,Early,0.2,3,0.01536863370042374,3.654513690045529,0.0,0.0,0.0,True
5,Early,0.2,4,0.08158080366212239,3.2850006823246143,0.0,0.01598973556207728,0.0,True
5,Late,0.0,0,9.26397918405016,2.9350546474737547,0.20384202286359931,0.0,0.44633157238431,True
5,Late,0.05,0,9.222181784355245,2.8148250533146477,0.1327499921446642,0.0,0.45248773741295256,True
5,Late,0.05,1,9.258874572422808,2.7932859749025867,0.18067149217367184,0.0,0.5125891982084534,True
5,Late,0.05,2,9.242965745252793,2.9203522420926866,0.09754104146358333,0.022781253707038207,0.43767151007356153,True
5,Late,0.05,3,9.02532340032374,2.7965281601312255,0.23082110216958274,0.061438775531784895,0.5699838655173526,True
5,Late,0.05,4,9.238752057590192,2.9040459766418714,0.20689141242799503,0.08095165910711577,0.3641195864636617,True
5,Late,0.1,0,9.636341575241802,3.1112368362890392,0.2261712526868762,0.0,0.36443542565539566,True
5,Late,0.1,1,8.757905941348447,2.7663853465361896,0.2795671123230523,0.0,0.442810899014046,True
5,Late,0.1,2,8.621687211028856,2.842087018776938,0.11278377608587942,0.06087052822572492,0.293050072623235,True
5,Late,0.1,3,8.880994116402013,2.932479623965447,0.1954310340695975,0.0,0.4451530982433205,True
5,Late,0.1,4,8.972876240316399,2.9864142974251773,0.12378777099850513,0.0,0.2929294428222522,True
5,Late,0.2,0,6.963865456802167,3.185124978410864,0.0,0.07472950568402048,0.29564048615332306,True
5,Late,0.2,1,7.731195517790923,2.995617878591265,0.05168742591892794,0.002554897021955327,0.4459098858070596,True
5,Late,0.2,2,7.54743475429786,3.0708924125200223,0.06613804051254002,0.0,0.43014973563663705,True
5,Late,0.2,3,7.011201032139482,3.2317828077465007,0.08880568792398558,0.0,0.3756655951457555,True
5,Late,0.2,4,8.399637172522493,2.988153706079667,0.051567856706993265,0.0,0.4231085714814147,True
6,Early,0.0,0,0.18053873755931305,2.9845913707805978,0.0,0.08349835049360044,0.027113368543411287,True
6,Early,0.05,0,0.17113063381459037,3.034465621740262,0.0,0.15925910216470784,0.008090587505117153,True
6,Early,0.05,1,0.13948503606033746,3.074612643321068,0.0,0.0830019041968586,0.006491270835288887,True
6,Early,0.05,2,0.18103714315771136,3.0390769336115286,0.0,0.06505803742672844,0.05691756650518576,True
6,Early,0.05,3,0.18558865016730985,2.94419288222496,0.0,0.01959892379225181,0.0,True
6,Early,0.05,4,0.14180809938099292,2.9476194930701527,0.0,0.040964281222322096,0.0,True
6,Early,0.1,0,0.2044837657295795,2.968865989065991,0.0,0.06712606507957775,0.07944366866979014,True
6,Early,0.1,1,0.10472954450843286,2.951543698692562,0.0,0.09870596917153485,0.08647299225196603,True
6,Early,0.1,2,0.07839131471360394,2.9540138740657262,0.0,0.11260660206367712,0.07953660427443943,True
6,Early,0.1,3,0.17633367361703334,3.1280673061790787,0.0,0.1540716298530027,0.0,True
6,Early,0.1,4,0.13677916580853733,2.966181349704619,0.0,0.07583397733416275,0.04949548453829422,True
6,Early,0.2,0,0.08479898455410373,2.9094179671091824,0.15401752678553837,0.0,0.05067372926523417,True
6,Early,0.2,1,0.3130331984077537,3.013676626748675,0.0,0.04709530193071165,0.0,True
6,Early,0.2,2,0.07023868779854991,3.202455340265955,0.018535961325663486,0.0001847454964112316,0.0,True
6,Early,0.2,3,0.2110929930961296,2.844621407120611,0.0,0.10497116619314673,0.03469596620460225,True
6,Early,0.2,4,0.1270761230211752,3.3591970095935606,0.0,0.12474572433914766,0.0,True
6,Late,0.0,0,0.47801527970415814,3.319686398055719,0.0,0.20494667591369753,0.17609339478764907,True
6,Late,0.05,0,0.4761956794833222,3.396928007204888,0.0,0.18896221663128987,0.09455419778246998,True
6,Late,0.05,1,0.4538231751924089,3.2212353838614987,0.0,0.17572398839501213,0.15935137132232802,True
6,Late,0.05,2,0.4305378236005222,3.344350905660127,0.0,0.09807347147349921,0.11905734158195402,True
6,Late,0.05,3,0.41762193543376336,3.3441520936964038,0.0,0.13708634455324997,0.17088663813966187,True
6,Late,0.05,4,0.4296262444014811,3.3956165634111324,0.000545094616206665,0.1722397256831334,0.16568099577987105,True
6,Late,0.1,0,0.4442833702905711,3.3653386973260915,0.0,0.09219401028382412,0.12314570337374242,True
6,Late,0.1,1,0.42371359243004436,3.2641041375708837,0.0,0.096674290034509,0.060885708131288574,True
6,Late,0.1,2,0.511364878725109,3.3631139780833967,0.0,0.15676128623392804,0.1709526008877975,True
6,Late,0.1,3,0.5350847663904679,3.4324944272663274,0.012416131210780446,0.23594538496501727,0.22683729438628575,True
6,Late,0.1,4,0.431355372111776,3.209413818248011,0.0,0.09212187226676471,0.14122708272029483,True
6,Late,0.2,0,0.45523102950044914,3.168684371374857,0.0,0.05235128417458412,0.059251196940007134,True
6,Late,0.2,1,0.4055304272008051,3.152793430616454,0.0,0.0,0.1393948707293089,True
6,Late,0.2,2,0.21843166042369067,3.2377311147992263,0.0,0.032600248841937685,0.09779741017304122,True
6,Late,0.2,3,0.21687954079671012,3.4320030770235803,0.0,0.06574652556894556,0.16824343045624746,True
6,Late,0.2,4,0.2711263305452163,3.411936556097067,0.029734120862896063,0.14647996642188188,0.07872839092244277,True
7,Early,0.0,0,0.2487622637557907,3.1791889742708275,0.09515512294544681,0.0,0.0,True
7,Early,0.05,0,0.28093565669050014,3.254826499332555,0.0,0.0,0.03279763242560785,True
7,Early,0.05,1,0.19569730755062054,3.1793508102475343,0.16281126390445522,0.0,0.0,True
7,Early,0.05,2,0.23581816259875232,3.325981366310023,0.13469198763361367,0.0,0.014278045080377666,True
7,Early,0.05,3,0.19205891508694828,3.165310094710558,0.0,0.0,0.0,True
7,Early,0.05,4,0.2459823540271202,3.2656964238992834,0.13479549977894534,0.023464736832221167,0.018323242813166107,True
7,Early,0.1,0,0.2727999421562015,3.139448912971728,0.0,0.0,0.0,True
7,Early,0.1,1,0.13584709189381794,3.284483634941869,0.09455681789635229,0.0,0.1295537901643562,True
7,Early,0.1,2,0.10249191747333342,3.3326683406588664,0.08742386279606063,0.0,0.04565751996123746,True
7,Early,0.1,3,0.21423977459627208,3.2302261734702515,0.03479482006226098,0.002995427239966819,0.0,True
7,Early,0.1,4,0.18970492839803565,3.1553847572390374,0.010437179182397838,0.0,0.0,True
7,Early,0.2,0,0.13983979755178488,3.3053366749048565,0.03683988885777589,0.11210759297813899,0.12412618507959206,True
7,Early,0.2,1,0.11769502483377314,3.261899990487898,0.08418514129426224,0.0,0.03748838051674808,True
7,Early,0.2,2,0.0858997521377236,3.3679601130145027,0.0,0.0,0.028342985417606492,True
7,Early,0.2,3,0.14201289021937002,3.508638060368356,0.015080908630778822,0.04322894769712571,0.0,True
7,Early,0.2,4,0.3394651646702993,3.2671437345637004,0.10365403183864075,0.0,0.0,True
7,Late,0.0,0,0.17225246406285466,3.3615477183438096,0.0,0.0,0.05535793737666639,True
7,Late,0.05,0,0.17448316562186061,3.265020287379769,0.0,0.0,0.052210736359469934,True
7,Late,0.05,1,0.1670505179783155,3.3799738290703063,0.0,0.034610281649207764,0.019530901617803575,True
7,Late,0.05,2,0.20685855723962243,3.3160693727929487,0.0,0.041579510346401616,0.14556427378489678,True
7,Late,0.05,3,0.18253068215964818,3.320504943748293,0.0,0.0,0.027730310089601584,True
7,Late,0.05,4,0.17905055664502534,3.2897563385462596,0.0,0.0,0.10440285914155512,True
7,Late,0.1,0,0.13788506438568326,3.4234988870538814,0.0,0.007564315227218454,0.0,True
7,Late,0.1,1,0.15081464294559765,3.220825891229293,0.0,0.0,0.03443051278711362,True
7,Late,0.1,2,0.1526080895794779,3.4537891379028394,0.0,0.0,0.1039864696747963,True
7,Late,0.1,3,0.17460109892558773,3.3173803980588135,0.0,0.0,0.0,True
7,Late,0.1,4,0.16970766072652976,3.311472678660777,0.025094121788448387,0.05469916046366219,0.015055274018910048,True
7,Late,0.2,0,0.15526455158139463,3.101242872185182,0.11135978693525628,0.0,0.2120369449163011,True
7,Late,0.2,1,0.20240332998396804,3.3686338653689427,0.02261256598391359,0.060405531226094045,0.0,True
7,Late,0.2,2,0.11147220843606265,3.387132087628499,0.0,0.0,0.02179621750618166,True
7,Late,0.2,3,0.193081753176211,3.3530907717233176,0.020528111338981248,0.023987340792830825,0.03898562437441555,True
7,Late,0.2,4,0.15469626958164184,3.2436778843844802,0.0,0.010365184259668148,0.06088908713927843,True
8,Early,0.0,0,0.03521283894472127,3.131867912423797,0.044278262214366926,0.0,0.0,True
8,Early,0.05,0,0.04926704235513357,3.0997081224210596,0.0,0.0,0.0,True
8,Early,0.05,1,0.01712190171760808,3.1227993564488714,0.14505021835348586,0.0,0.0,True
8,Early,0.05,2,0.04488420360994683,3.1173138165826852,0.0,0.0,0.0,True
8,Early,0.05,3,0.06531248113599197,3.1238064016965947,0.0,0.0,0.0,True
8,Early,0.05,4,0.025777960492312513,3.121417261989113,0.006851834050151773,0.03826882500517659,0.0,True
8,Early,0.1,0,0.03704673109709722,2.8944120447996795,0.00588884710308113,0.02466167721550505,0.0,True
8,Early,0.1,1,0.08464786259123525,2.9986094936024807,0.09976381760177988,0.0,0.0,True
8,Early,0.1,2,0.029964480638099644,3.1420748595466503,0.0,0.0,0.0,True
8,Early,0.1,3,0.03307252466517818,2.966341741980856,0.024843372615101167,0.0,0.0,True
8,Early,0.1,4,0.07250130902881091,2.9832982480646786,0.08574324777339548,0.007603604419401222,0.0,True
8,Early,0.2,0,0.10077879216541596,3.2386230842217456,0.0,0.0,0.0,True
8,Early,0.2,1,0.038000470191808855,3.198353494359071,0.012325969656229674,0.0708171803368769,0.0,True
8,Early,0.2,2,0.037695635464759736,3.0703300176290296,0.0,0.0,0.0,True
8,Early,0.2,3,0.0500659768604681,3.280041226965585,0.12739767955222803,0.0,0.0,True
8,Early,0.2,4,0.03857232108249686,3.1457709775155958,0.12148062070663146,0.050864001571301554,0.0,True
8,Late,0.0,0,0.12628743702594525,3.37155078615626,0.0,0.005712811587816891,0.0,True
8,Late,0.05,0,0.12211420877008106,3.319829227502709,0.11373206206111641,0.0,0.029057984261040115,True
8,Late,0.05,1,0.12370505737264059,3.34993451519561,0.02528565616223366,0.0,0.0,True
8,Late,0.05,2,0.10811280833245984,3.2927103619361247,0.0,0.0,0.0,True
8,Late,0.05,3,0.07733425472978883,3.3711627101947537,0.0,0.0,0.0,True
8,Late,0.05,4,0.13232341898442623,3.3295741517733597,0.0,0.0,0.030566612853083708,True
8,Late,0.1,0,0.12628982188211646,3.5097553004100783,0.013944446799514232,0.0024675379944252285,0.0,True
8,Late,0.1,1,0.039795165144184796,3.504100840965299,0.030441074703100757,0.0,0.0,True
8,Late,0.1,2,0.11214567236105566,3.3868830935769925,0.0,0.0,0.0,True
8,Late,0.1,3,0.08087791646471798,3.345062850702505,0.0070659838140723075,0.0,0.0,True
8,Late,0.1,4,0.10534272803359901,3.2984309122708364,0.05913155532222625,0.009231529525278948,0.024166294033859614,True
8,Late,0.2,0,0.08868615526154278,3.25043737217494,0.0,0.0,0.0,True
8,Late,0.2,1,0.1459057898540559,3.387036162356708,0.0,0.0,0.012790787516787194,True
8,Late,0.2,2,0.06310876538125276,3.1851390666691435,0.0,0.0,0.0,True
8,Late,0.2,3,0.08042888711630658,3.4466670614460106,0.0,0.0,0.0,True
8,Late,0.2,4,0.05498404629533926,3.2602185502892813,0.0,0.013253500912289162,0.07540587044565372,True
9,Early,0.0,0,0.08089018972944961,3.5053053562585386,0.17617583345858057,0.0,0.0,True
9,Early,0.05,0,0.05919271327815201,3.450866229984462,0.19151506024560927,0.019419009996094694,0.03405499231067033,True
9,Early,0.05,1,0.11260292414883555,3.498547153784557,0.16693667833274395,0.0,0.0,True
9,Early,0.05,2,0.04099511200943562,3.454973416457345,0.2509080082449029,0.0,0.0,True
9,Early,0.05,3,0.11142570367611526,3.4543344671589806,0.16557027546819691,0.0,0.0,True
9,Early,0.05,4,0.09984033689672156,3.6044949525196364,0.24284661569090504,0.0,0.0,True
9,Early,0.1,0,0.0819638380514327,3.3448103147373636,0.11933328733225368,0.0,0.0,True
9,Early,0.1,1,0.05584375871291858,3.698491752826897,0.13186280033926767,0.0,0.0,True
9,Early,0.1,2,0.05207675074239004,3.6353982787788137,0.11827846459413704,0.0,0.0,True
9,Early,0.1,3,0.06567740685437418,3.4256750958158793,0.18811858205072163,0.0,0.0,True
9,Early,0.1,4,0.07417386283102223,3.461813095643803,0.12692161268375202,0.02746718221230493,0.0,True
9,Early,0.2,0,0.12737139616523363,3.3016607670605373,0.18878886532199646,0.0,0.0,True
9,Early,0.2,1,0.11841989688115229,3.4040512794188595,0.037240293401008095,0.0,0.0,True
9,Early,0.2,2,0.032536089671574064,3.4557951741741446,0.12186086484793712,0.0,0.02876627369927265,True
9,Early,0.2,3,0.019763286430050986,3.3480479918215806,0.09805398204341875,0.0,0.0,True
9,Early,0.2,4,0.051434900720250365,3.473669092284149,0.13308832761806633,0.020971378785889172,0.0,True
9,Late,0.0,0,11.933994676437354,2.541921745251936,0.0,0.0,0.730301225498315,True
9,Late,0.05,0,11.346229204994849,2.64221636680094,0.05800850039496641,0.03823284834401619,0.6591062989265977,True
9,Late,0.05,1,11.399810565631041,2.5467222513486814,0.06487254397244469,0.0,0.6579295825211755,True
9,Late,0.05,2,11.653818497586665,2.461336980887512,0.0,0.0,0.5342192261736329,True
9,Late,0.05,3,11.974917834799811,2.7403218763577226,0.0,0.0,0.6179254453411342,True
9,Late,0.05,4,11.44256251319754,2.453635405392677,0.14653612132495875,0.0,0.5693874322180124,True
9,Late,0.1,0,10.965024367130592,2.5508637923993143,0.0,0.08114916322079369,0.4341514235873083,True
9,Late,0.1,1,10.892533053859955,2.4500692859854265,0.004581577203645715,0.0,0.4992427013246621,True
9,Late,0.1,2,9.682215369435221,2.4287300742874023,0.08690353062911882,0.15433631586228325,0.47921186358190226,True
9,Late,0.1,3,10.622119434702846,2.566641501434763,0.23650651592396565,0.0,0.4956145688940601,True
9,Late,0.1,4,10.559532905245696,2.549274772996858,0.0,0.0,0.5863848520161752,True
9,Late,0.2,0,7.4011962504989075,2.493523166480958,0.0716159101353342,0.0,0.38504941614459653,True
9,Late,0.2,1,9.000169875762197,2.5067108627381574,0.08363203622784487,0.10750877333317899,0.541577209975816,True
9,Late,0.2,2,7.851208000602828,2.5580727625937913,0.05413235299585617,0.1001056333360375,0.30681081633687723,True
9,Late,0.2,3,7.878526511315721,2.6569268214333652,0.15464011794668764,0.03004251172980288,0.4064244222553226,True
9,Late,0.2,4,7.563728991676578,2.588817930515101,0.0,0.08135663318414155,0.41575010415278557,True
10,Early,0.0,0,0.1706876582210004,3.3358304094556277,0.02984054841309236,0.01710808742564973,0.05690782803927252,True
10,Early,0.05,0,0.14216261637466499,3.2859335652887927,0.024668742791869036,0.0,0.02002937829147733,True
10,Early,0.05,1,0.14812650686561257,3.3987131994545194,0.08563940996413733,0.051070271804008804,0.05385328149677715,True
10,Early,0.05,2,0.14118410115096003,3.4800710477434214,0.06053842999311154,0.0,0.05001993497703161,True
10,Early,0.05,3,0.20464070116572142,3.253128318457867,0.0,0.0,0.08918677680393383,True
10,Early,0.05,4,0.17114206326012216,3.306551237008444,0.02753854020630797,0.007420479834034932,0.0,True
10,Early,0.1,0,0.15388514261347241,3.3123348734073095,0.07787237442209527,0.07212522506611929,0.05839215492973304,True
10,Early,0.1,1,0.13087331294758142,3.383191738357255,0.042480703543057,0.05744465771278984,0.0,True
10,Early,0.1,2,0.16987960941402758,3.422440085271439,0.03864311888373351,0.0,0.0,True
10,Early,0.1,3,0.15250318704827937,3.358436391176357,0.022027274773148253,0.03329009439879771,0.0,True
10,Early,0.1,4,0.17654361103299543,3.530557226218837,0.04419208170237132,0.09851545192682343,0.0,True
10,Early,0.2,0,0.16607551948421895,3.4653379420971775,0.0,0.07697465278979587,0.001610239019442794,True
10,Early,0.2,1,0.2568468488759912,3.538629306412986,0.0,0.0,0.031844684300318615,True
10,Early,0.2,2,0.16153209779766176,3.512087138518979,0.0,0.1389166334115175,0.051058752027319354,True
10,Early,0.2,3,0.1898152716400876,3.5796329568722474,0.00909567066421424,0.13432768169303033,0.0027043907373980325,True
10,Early,0.2,4,0.15764930519631193,3.5465779329627294,0.0,0.09541591393243465,0.11996025446240077,True
10,Late,0.0,0,6.758866782376714,3.013135041861782,0.23462251486507046,0.11255777575450754,0.32437621125034477,True
10,Late,0.05,0,6.724573670178048,2.9298721881853123,0.22105572333832724,0.0,0.3291806005542437,True
10,Late,0.05,1,6.955845172682674,3.140564894762514,0.19699850200965452,0.07056143240880841,0.39345727999482616,True
10,Late,0.05,2,6.795300292681823,2.9820469837044965,0.2777680186453937,0.005557185439140966,0.3271084257159145,True
10,Late,0.05,3,6.843298548394934,2.9722930365962896,0.3681832351914722,0.0,0.3582428726860618,True
10,Late,0.05,4,6.658688702361734,2.950892880231815,0.19079926875371855,0.074109366043551,0.2623074186301997,True
10,Late,0.1,0,6.398518058640258,3.129553450187137,0.13334435034108827,0.0,0.29872129234485056,True
10,Late,0.1,1,6.334791522381786,3.0662918435015984,0.2990396312024415,0.0,0.2739614751393322,True
10,Late,0.1,2,6.4729028368682044,2.8861214179759007,0.08989984100857829,0.0,0.26723150393955475,True
10,Late,0.1,3,6.2321809320561705,2.9524279356891303,0.12695277664011506,0.0,0.3863761811966482,True
10,Late,0.1,4,6.273413320424721,3.0754396002903484,0.14962342026605002,0.0,0.3515443823396551,True
10,Late,0.2,0,5.6385194786624435,2.9995518647971244,0.035951788581073174,0.08993670991350511,0.26458888793090907,True
10,Late,0.2,1,5.998697019646453,3.081226441310562,0.00696645915650107,0.17905625839533146,0.25847945551347395,True
10,Late,0.2,2,5.389952872323179,3.0015523009498852,0.0788074062235311,0.0,0.24960531836328537,True
10,Late,0.2,3,5.456683137990499,3.3552995667378283,0.08890488213051428,0.0,0.2469668632139741,True
10,Late,0.2,4,5.286759847398143,2.807040740572721,0.21962855665635717,0.0,0.22881849435429924,True
11,Early,0.0,0,0.11472321268192909,3.5821678410728195,0.0,0.0,0.04285262768783982,True
11,Early,0.05,0,0.16918768450282595,3.5273671968549354,0.0,0.0,0.08914596738339675,True
11,Early,0.05,1,0.1318100484606597,3.6172315858116075,0.00794328907883246,0.0,0.08381980872628692,True
11,Early,0.05,2,0.12287199205796018,3.646959021153959,0.0,0.030444529580144764,0.08208472715903703,True
11,Early,0.05,3,0.07621623772963027,3.5322058188891083,0.013130190819090615,0.0,0.0940867217662178,True
11,Early,0.05,4,0.1208180838037225,3.511594678993518,0.0,0.028457105311999076,0.12542817522839833,True
11,Early,0.1,0,0.06568154813542604,3.4735055716464176,0.0,0.0,0.08678991222868637,True
11,Early,0.1,1,0.10205742122523054,3.4840409775568433,0.0,0.0,0.05910164337004753,True
11,Early,0.1,2,0.06970180716439867,3.4411055142296014,0.006866672887503977,0.0,0.06007514655838664,True
11,Early,0.1,3,0.10764423329310313,3.595379533510182,0.034389584505023496,0.0,0.062213556183412955,True
11,Early,0.1,4,0.03195499710949656,3.453227804053728,0.0,0.0,0.08165097860516735,True
11,Early,0.2,0,0.03500641470981902,3.4613112623826856,0.0,0.000753603713759432,0.011897001632177329,True
11,Early,0.2,1,0.05079984528315595,3.476860360620442,0.0,0.00036597557841711037,0.11344390364073975,True
11,Early,0.2,2,0.16965635687463054,3.3963370604191825,0.0,0.0,0.05603467875162682,True
11,Early,0.2,3,0.048326792072177494,3.400889982249085,0.0007640496452743228,0.07984911878036494,0.017960824763207484,True
11,Early,0.2,4,0.0619684773517406,3.3859847845133815,0.0,0.05469016185922637,0.0380212362252621,True
11,Late,0.0,0,10.695207472410516,2.793880471425735,0.0,0.0,0.2986698405615251,True
11,Late,0.05,0,10.807433255906197,3.0123175868809895,0.0,0.0,0.3302781594398114,True
11,Late,0.05,1,10.829486283783917,2.828472132039697,0.0,0.0,0.2835389015888512,True
11,Late,0.05,2,10.33693117109167,2.798230454170117,0.0,0.03029518735739245,0.25032796532025525,True
11,Late,0.05,3,10.597527984114462,2.8439707967812047,0.0,0.0,0.380790893454396,True
11,Late,0.05,4,10.59905019331046,2.8801950890637835,0.008909331127224362,0.012927243805066269,0.26651938001517683,True
11,Late,0.1,0,9.47788431981999,2.7879258416864063,0.0761891056873294,0.0,0.3257505441027506,True
11,Late,0.1,1,10.470708895813884,2.94170218652895,0.0,0.08592921277842658,0.19247632409152748,True
11,Late,0.1,2,9.781417502444679,2.793852133058456,0.036421912271855206,0.06639632949161278,0.37148876344174697,True
11,Late,0.1,3,9.734072482736204,2.795868681717622,0.010854773325268852,0.048816785179902844,0.16135484712279435,True
11,Late,0.1,4,9.495521215026859,2.832196234638763,0.01207351102240084,0.03638649118938542,0.3017799886463326,True
11,Late,0.2,0,8.516687201782643,2.9901718290018318,0.08305204030042201,0.0,0.3529872009061297,True
11,Late,0.2,1,8.86380226107198,2.947198853227804,0.1318189405050294,0.08623675174142686,0.19014033695504162,True
11,Late,0.2,2,8.108086237525317,2.8757301910957005,0.18993749892482592,0.0,0.1500174799160625,True
11,Late,0.2,3,7.259619161376225,2.823831585035697,0.0,0.060818550546156924,0.19522413530418303,True
11,Late,0.2,4,8.720620956305588,2.917434309592837,0.02355470732361109,0.03810562233657233,0.315828008471426,True
12,Early,0.0,0,0.04463415593818931,3.175872332866898,0.0,0.09060413974470016,0.0,True
12,Early,0.05,0,0.054624648815231325,3.240563164118533,0.0,0.08084763962891062,0.0,True
12,Early,0.05,1,0.04583592756528576,3.249372416107274,0.0,0.07162912731575233,0.0,True
12,Early,0.05,2,0.040349006247019314,3.1025954002705878,0.0,0.09885278174692447,0.0,True
12,Early,0.05,3,0.04302465286369239,3.343069622348691,0.0,0.12892145029329694,0.0,True
12,Early,0.05,4,0.07378664611927643,3.176128387193143,0.0,0.0,0.0,True
12,Early,0.1,0,0.04348843540374592,3.1616458063605335,0.0,0.05504448679208185,0.0,True
12,Early,0.1,1,0.07162606503312974,3.1567508489003657,0.0,0.08204710065141407,0.0,True
12,Early,0.1,2,0.07422513776689676,3.2069878619602017,0.0,0.11011238941374879,0.0,True
12,Early,0.1,3,0.04542181688639557,3.231153004590363,0.0,0.026128394782496844,0.0,True
12,Early,0.1,4,0.0811111753556557,3.1976710925047556,0.0,0.0,0.0,True
12,Early,0.2,0,0.0362364679656646,3.067037010923006,0.029843407562124558,0.0,0.0,True
12,Early,0.2,1,0.05569278579348724,3.2133260269061297,0.0,0.0,0.0,True
12,Early,0.2,2,0.07946557653749586,3.305488876422683,0.0,0.0,0.0,True
12,Early,0.2,3,0.11771849097876075,3.223221803940674,0.03597099559130079,0.0,0.0,True
12,Early,0.2,4,0.1281687392717532,3.193400663106238,0.0,0.0,0.0,True
12,Late,0.0,0,0.10353922551130257,3.043625278527606,0.0,0.0,0.027599394560970936,True
12,Late,0.05,0,0.09352954417667814,3.105260420808592,0.0,0.0,0.0,True
12,Late,0.05,1,0.10654801226635069,3.1400906270645748,0.0,0.0,0.03177188701519684,True
12,Late,0.05,2,0.1332671002793937,3.0785361480400124,0.0,0.054213960679522444,0.049519197952765825,True
12,Late,0.05,3,0.09217175918983056,3.0288448340021374,0.0,0.012237312774359133,0.08208980333686089,True
12,Late,0.05,4,0.1475836752988613,3.064073515272606,0.0036934867709144115,0.0,0.03796395575699618,True
12,Late,0.1,0,0.1187888804024988,3.2081855422216963,0.0,0.22618434862154402,0.11352372326784055,True
12,Late,0.1,1,0.15973336039321895,3.0721326300833307,0.09405825777959231,0.048949088098722005,0.04714505169665362,True
12,Late,0.1,2,0.10375434114200566,2.9142423529159385,0.0,0.0,0.11942877657242423,True
12,Late,0.1,3,0.07424151292947911,3.1817961770416083,0.0,0.0550867670022579,0.12729269145442546,True
12,Late,0.1,4,0.16738630115010267,3.135408942566656,0.0,0.04860578586420905,0.059300332631846864,True
12,Late,0.2,0,0.1499291671585663,3.192027834086049,0.0071028086104059085,0.025942963492845195,0.0,True
12,Late,0.2,1,0.04214076194948646,3.1043805847382457,0.023155534108611153,0.0,0.11242323329929249,True
12,Late,0.2,2,0.18168005479128313,3.3186096798513973,0.0,0.04095748428294499,0.0,True
12,Late,0.2,3,0.11470196047260472,3.208305326643158,0.0,0.0,0.0,True
12,Late,0.2,4,0.16061926705384888,3.1158740975258885,0.03180368146373924,0.0,0.0,True
13,Early,0.0,0,0.1838645158792529,3.355010925643399,0.0,0.030904406838808463,0.0,True
13,Early,0.05,0,0.19103001610854164,3.413515070036068,0.0,0.04233636886896308,0.0,True
13,Early,0.05,1,0.17608375192028136,3.3652480020625384,0.0,0.1167162098039225,0.0,True
13,Early,0.05,2,0.16476112679177612,3.344344483838138,0.0,0.10523616170166239,0.0,True
13,Early,0.05,3,0.18342693802532573,3.3630505877017582,0.0,0.08306093233088419,0.0,True
13,Early,0.05,4,0.21245321163029773,3.3646709094676153,0.0,0.054780699718271375,0.0,True
13,Early,0.1,0,0.207258961564996,3.4622298434584704,0.0,0.0,0.0,True
13,Early,0.1,1,0.17863153685190047,3.2364544939473676,0.0,0.0,0.0,True
13,Early,0.1,2,0.16128092418063877,3.4358157342093394,0.0,0.07145914047613866,0.0,True
13,Early,0.1,3,0.2009978154003047,3.3657086695332232,0.004010746287637534,0.08085342542401097,0.0,True
13,Early,0.1,4,0.1623593003754955,3.250405723800161,0.0,0.036735711245867275,0.0,True
13,Early,0.2,0,0.22766225435541942,3.286150970800101,0.0,0.0,0.028163416378867545,True
13,Early,0.2,1,0.07834715659618352,3.2324976834255903,0.0,0.0,0.0,True
13,Early,0.2,2,0.17874481300510814,3.280884105991459,0.0,0.0,0.0,True
13,Early,0.2,3,0.10729796310736628,3.319984390745717,0.0,0.0,0.0,True
13,Early,0.2,4,0.17202022193409272,3.2031743229644034,0.05354414207214697,0.1518454334001773,0.05547010644468475,True
13,Late,0.0,0,9.251981284830057,2.5626798051248403,0.04589678213329451,0.0,0.29623203704855383,True
13,Late,0.05,0,9.28408324902289,2.5783647932973173,0.05789455192741544,0.0,0.33067701176559705,True
13,Late,0.05,1,9.043475190864159,2.611627422012389,0.0,0.0,0.24879295494729137,True
13,Late,0.05,2,9.153743152014814,2.5441994560802033,0.01548178154238089,0.0,0.24084831895909442,True
13,Late,0.05,3,9.076168406086122,2.483680502968721,0.0045244515877240765,0.0,0.24127749896211315,True
13,Late,0.05,4,9.338393603279876,2.570076317316255,0.06919363887200847,0.07190802943767372,0.2302245044401383,True
13,Late,0.1,0,8.669721537040555,2.504714859207352,0.13420112371406967,0.029625504641136224,0.4009605600860282,True
13,Late,0.1,1,8.712830517343793,2.6511898839966284,0.04306686657622372,0.0,0.2614013547325582,True
13,Late,0.1,2,8.920872503756652,2.675910057470024,0.0406734221000562,0.05840234023434432,0.3287549477655092,True
13,Late,0.1,3,8.923933272060113,2.386934303435831,0.07923568560465766,0.0,0.3699601369411263,True
13,Late,0.1,4,9.319142205790207,2.4411602028243373,0.033908499873957165,0.0,0.3656740255813493,True
13,Late,0.2,0,7.0045095227124845,2.8899554556409535,0.1321410296040737,0.0,0.3905532031144059,True
13,Late,0.2,1,7.539134080627528,2.567760058967328,0.05068635518522946,0.0,0.28284232475353344,True
13,Late,0.2,2,7.1109107673253185,2.676674172057544,0.11320269049398624,0.02420581387699894,0.3274545825003963,True
13,Late,0.2,3,7.570090252272814,2.597992476582937,0.00923283796940444,0.09400558813230431,0.36065279768731706,True
13,Late,0.2,4,7.625644121174223,2.758013738511019,0.16525667606825722,0.0,0.2882129769429982,True
14,Early,0.0,0,0.04165038484316996,3.697768821989483,0.0,0.0,0.0,True
14,Early,0.05,0,0.08471325543791464,3.6179800850955623,0.0,0.0032546832873308063,0.0,True
14,Early,0.05,1,0.044188097729889186,3.725496878928889,0.0,0.0,0.0,True
14,Early,0.05,2,0.06353133588437387,3.7253740499007226,0.0,0.0,0.0,True
14,Early,0.05,3,0.0626154796917926,3.6723819758481544,0.0,0.011285311933844078,0.013444340770848662,True
14,Early,0.05,4,0.0812303158214247,3.613702489912526,0.0,0.0,0.0,True
14,Early,0.1,0,0.10485361441727159,3.6650681178708826,0.04712994180312968,0.0,0.0,True
14,Early,0.1,1,0.04633169329865838,3.5694587633330745,0.0,0.0,0.0,True
14,Early,0.1,2,0.10210846276122387,3.501232385368332,0.0,0.021423252687155614,0.0,True
14,Early,0.1,3,0.054385831624698344,3.774620876636347,0.0,0.04065126475663927,0.0,True
14,Early,0.1,4,0.10470715148809795,3.6044260454147445,0.0,0.07989863874037528,0.0,True
14,Early,0.2,0,0.056321829331080764,3.481358133414686,0.02819761254996367,0.022406606311831112,0.0,True
14,Early,0.2,1,0.15049178873328728,3.320101616746966,0.0,0.0,0.11368273234960347,True
14,Early,0.2,2,0.11019662679518705,3.475098731922735,0.011904106615168608,0.025808300976917664,0.0,True
14,Early,0.2,3,0.04538594704822252,3.733566123576546,0.0,0.0,0.0,True
14,Early,0.2,4,0.1352358812998613,3.7489150091925443,0.0,0.05623474750325075,0.03578692672501127,True
14,Late,0.0,0,7.3219266427640814,2.862945408696531,0.06647529748918357,0.02173924188608556,0.16496548847857007,True
14,Late,0.05,0,6.696364467869298,2.8882883941520614,0.14569644248735836,0.0,0.1253681699663609,True
14,Late,0.05,1,7.43420914021068,2.9356121534023267,0.0035013883981398486,0.0,0.14673121560918734,True
14,Late,0.05,2,7.292481754420972,2.8404282830970855,0.09332076433562575,0.0,0.17332105414450272,True
14,Late,0.05,3,7.445456287534075,2.9444397238170925,0.10102796877133358,0.04109808730876541,0.16188138713980527,True
14,Late,0.05,4,7.008545994438691,2.981491474196204,0.04144814167066624,0.04348536432448169,0.12661656881551142,True
14,Late,0.1,0,6.353562036831292,2.9163424285352963,0.042796914135614816,0.0,0.07622061431567939,True
14,Late,0.1,1,7.014879902893514,2.7806269384624573,0.07263405920787402,0.15647314080214114,0.19132029993128974,True
14,Late,0.1,2,7.047595046914937,2.90981409576565,0.07118018912268509,0.0,0.08042408569266613,True
14,Late,0.1,3,7.298232747039979,2.7208869415866497,0.07261674143386321,0.0,0.11069093952378983,True
14,Late,0.1,4,7.37066672568516,2.7718661409067376,0.010857299229652284,0.0,0.0822826924840534,True
14,Late,0.2,0,5.766763342642664,2.734021933773406,0.16104713656782987,0.046158058390430856,0.12669444208232505,True
14,Late,0.2,1,5.658419506200417,2.970884533715026,0.11174931398481114,0.006812525858058471,0.21488487508235332,True
14,Late,0.2,2,6.2396052087669,2.8893179541805183,0.05576102839097974,0.0,0.042994543297699916,True
14,Late,0.2,3,5.850990210776008,2.7446576309698223,0.1401421524144979,0.0,0.14001491344819783,True
14,Late,0.2,4,6.133835842277789,2.8161704662407674,0.043081490622368435,0.01034970591880624,0.05319465399295664,True
15,Early,0.0,0,0.10780225520070319,3.3252174930202827,0.018392705160892753,0.06430818910544378,0.0,True
15,Early,0.05,0,0.11056753292817056,3.363372521410056,0.0,0.0434141391403533,0.0,True
15,Early,0.05,1,0.0938213971111157,3.311525264256897,0.039685595845434296,0.09605922862918215,0.0,True
15,Early,0.05,2,0.13159668861338636,3.325258712074474,0.03531410283182268,0.012835274042045874,0.0,True
15,Early,0.05,3,0.10600710038664962,3.354516344912387,0.0,0.03924400082034918,0.018944106058467636,True
15,Early,0.05,4,0.12566507172284247,3.2980826381855484,0.019061384657555802,0.0,0.015486439071507707,True
15,Early,0.1,0,0.07114657913504319,3.4316282749569953,0.004518274729530258,0.10965603316950467,0.05595067492357231,True
15,Early,0.1,1,0.1543070755332736,3.39142663965468,0.0,0.02776416848177865,0.0,True
15,Early,0.1,2,0.1396630573273625,3.4209042715421134,0.013754404769751538,0.0,0.01575838725836398,True
15,Early,0.1,3,0.13843411168250652,3.347544077121528,0.0023781250869263637,0.044754234049299235,0.015233734312417813,True
15,Early,0.1,4,0.10790274319422855,3.3958567967468882,0.01458310408821406,0.0547646488399014,0.0305462093838198,True
15,Early,0.2,0,0.16188098837667608,3.2818171252185713,0.0,0.03679333804758356,0.0,True
15,Early,0.2,1,0.17052399488065273,3.39015397536529,0.0016705394049547628,0.0,0.08891912890163711,True
15,Early,0.2,2,0.07264638640080756,3.4337458943194084,0.0,0.060035871359656934,0.0,True
15,Early,0.2,3,0.16082313688112393,3.3860231548718436,0.0,0.08288362831110829,0.0,True
15,Early,0.2,4,0.21373334953021006,3.2742510883493643,0.0,0.0,0.0,True
15,Late,0.0,0,1.1586873119883156,3.157304658072426,0.03106673233605095,0.11767093678808127,0.299205123612317,True
15,Late,0.05,0,1.0415956876833037,3.250185231677258,0.04422077420613402,0.05420330976866916,0.23276802525301576,True
15,Late,0.05,1,1.2965647066062504,3.0741832175249413,0.0,0.011459047863148442,0.28436130012393956,True
15,Late,0.05,2,1.2044367609795978,3.095795896553255,0.0,0.1327390143397129,0.21940320027877425,True
15,Late,0.05,3,1.1843855073762244,3.1102917201582927,0.007556314504093997,0.031653444568238154,0.2569670476686339,True
15,Late,0.05,4,1.1155150354268812,3.09997523666361,0.0,0.12567732688913402,0.265577974571761,True
15,Late,0.1,0,1.1166103961549152,3.1415821637749484,0.0,0.10796472029636606,0.24019900465043564,True
15,Late,0.1,1,1.1815574545703806,3.187281328515394,0.0,0.09772652346027666,0.13260283196184242,True
15,Late,0.1,2,1.2326047586720081,3.128972332009415,0.0,0.08945308915907368,0.1810949406654183,True
15,Late,0.1,3,1.0791269928793636,3.286644964107469,0.0,0.07133746464173951,0.1769591679510758,True
15,Late,0.1,4,0.9856146443033795,3.0717773660305623,0.0,0.17354524005276817,0.14410745289881177,True
15,Late,0.2,0,1.1573836888785594,3.4291767495050838,0.0611134532834221,0.30457164342435483,0.03914247648737934,True
15,Late,0.2,1,0.8619436827490845,3.512547414968181,0.0,0.06676405575420308,0.05635404703756075,True
15,Late,0.2,2,0.9612978348084775,3.032658436938401,0.07825580926501585,0.032780325555241685,0.13378940301246178,True
15,Late,0.2,3,0.8698212853184195,3.119264858571437,0.038756884884864284,0.0,0.03828771968857758,True
15,Late,0.2,4,1.199990990960555,3.3932299413173546,0.06433821709473753,0.1009962856728901,0.032565635724172814,True
16,Early,0.0,0,0.12907044408066204,3.3415522101755264,0.0,0.005848949488025834,0.0,True
16,Early,0.05,0,0.10706973304547596,3.3509345776011337,0.0,0.0,0.015204646438907066,True
16,Early,0.05,1,0.0696247418006859,3.355763742788074,0.0,0.0,0.0,True
16,Early,0.05,2,0.09101186999751443,3.3865910977365,0.0,0.0,0.0,True
16,Early,0.05,3,0.15758745112262762,3.437968762866572,0.0,0.0,0.0,True
16,Early,0.05,4,0.1396233614318736,3.3604112092887735,0.0,0.0,0.0,True
16,Early,0.1,0,0.08714501546847098,3.456884215887581,0.0,0.12438789178925846,0.00018886475655843782,True
16,Early,0.1,1,0.08053751642681295,3.3991887433155625,0.0,0.0,0.01270830723411942,True
16,Early,0.1,2,0.08855810204158887,3.420430245008582,0.0,0.0,0.1351613049999858,True
16,Early,0.1,3,0.08452251986721304,3.2654063533779936,0.0,0.0,0.0,True
16,Early,0.1,4,0.16236041982478744,3.241080679251366,0.0,0.014342857840101253,0.0,True
16,Early,0.2,0,0.11936690193186017,3.345265568012138,0.0,0.0,0.1314277230617824,True
16,Early,0.2,1,0.1095506179022121,3.264792012573315,0.01301098924000721,0.0,0.0,True
16,Early,0.2,2,0.08066677053684668,3.189203027841447,0.0,0.0,0.011450888758576472,True
16,Early,0.2,3,0.11702775292572065,3.3753896302659196,0.0,0.0,0.07684504390794356,True
16,Early,0.2,4,0.21286460166031418,3.213648823353348,0.0,0.09537458639980034,0.0,True
16,Late,0.0,0,0.046814606875876574,3.565936583013763,0.06821826953833376,0.01912577189505793,0.0,True
16,Late,0.05,0,0.012464385976060921,3.5665597563647484,0.02757862770533981,0.0,0.0,True
16,Late,0.05,1,0.09975564575878693,3.5325185602303293,0.10009490982348357,0.051515185747184944,0.0,True
16,Late,0.05,2,0.0305899355433783,3.481919001520339,0.08456112962884532,0.04510170751560372,0.0,True
16,Late,0.05,3,0.04263773263351567,3.4896725533966224,0.045384491943546657,0.05560695863085874,0.0,True
16,Late,0.05,4,0.09872556076544248,3.4909171490986237,0.0,0.0,0.0,True
16,Late,0.1,0,0.08589999122078984,3.556639245434651,0.0,0.04945089569480965,0.0,True
16,Late,0.1,1,0.1271184078584522,3.4621229250218324,0.0,0.0,0.0,True
16,Late,0.1,2,0.04213460400135194,3.615148807458902,0.013049881448092826,0.0,0.0,True
16,Late,0.1,3,0.06109450150727902,3.59970268102544,0.02605438281751349,0.0958768956852789,0.014941815323207486,True
16,Late,0.1,4,0.08909882136049374,3.5566629976895814,0.0,0.0,0.0,True
16,Late,0.2,0,0.13293833324726867,3.449390164092058,0.0,0.0,0.0,True
16,Late,0.2,1,0.02927888865711248,3.2367149011454615,0.0,0.0,0.0,True
16,Late,0.2,2,0.014264252234841734,3.209895185666522,0.0,0.022819455549203393,0.0026894926233786975,True
16,Late,0.2,3,0.07645155198033038,3.297046121141747,0.06713653385400864,0.10745918605239346,0.05336496377489386,True
16,Late,0.2,4,0.10867147216915773,3.534928731149185,0.0,0.0,0.01821035934501669,True
17,Early,0.0,0,0.16191869959711536,3.7481675974186257,0.0,0.0,0.0,True
17,Early,0.05,0,0.1544915778888516,3.619393917308969,0.03215935869023445,0.0,0.05372587120659533,True
17,Early,0.05,1,0.17792154223980772,3.6061495799831325,0.06115720103833855,0.0,0.05285946933438401,True
17,Early,0.05,2,0.14272981672467777,3.6293028436722348,0.0,0.02150710673903866,0.008469662126512123,True
17,Early,0.05,3,0.1535816958600833,3.7501061791524686,0.011782143240382403,0.037502735973103274,0.0,True
17,Early,0.05,4,0.16116581636385163,3.5891407526855295,0.038468624477590474,0.0,0.1036344570223573,True
17,Early,0.1,0,0.11626396042768006,3.7334133680251025,0.0,0.10237187019036975,0.054594416513499056,True
17,Early,0.1,1,0.11498750336606323,3.6249519425612875,0.0,0.0,0.0,True
17,Early,0.1,2,0.11084406337083852,3.484172134200606,0.02072392565263037,0.0,0.03249276651793975,True
17,Early,0.1,3,0.24020115141210674,3.6653958995416165,0.07696523408277445,0.02341280480218888,0.07107194770842584,True
17,Early,0.1,4,0.11724849557255412,3.5257878079487313,0.03401778688101542,0.0,0.0,True
17,Early,0.2,0,0.09307250463333627,3.4728554878861564,0.0927461205039175,0.0,0.0007478084041077082,True
17,Early,0.2,1,0.1948580636556474,3.5304413032901456,0.08991543185009432,0.0013887087910902096,0.03293166253230284,True
17,Early,0.2,2,0.12505559931391774,3.5895189566412187,0.0,0.09478837729931744,0.0,True
17,Early,0.2,3,0.07865191423964468,3.5327263531415065,0.0,0.09999653727146995,0.0,True
17,Early,0.2,4,0.14003727119457343,3.620874025522167,0.13480776758137702,0.0,0.0,True
17,Late,0.0,0,11.742185775274049,2.948817416818996,0.05248077341701718,0.09736984628242595,0.4009522370520333,True
17,Late,0.05,0,11.226619203688776,2.937404059910711,0.04685719702488189,0.08549732926417342,0.4623346196161586,True
17,Late,0.05,1,11.794416721589435,2.9827104518442575,0.0,0.029598232976881356,0.3357074856198854,True
17,Late,0.05,2,11.626882025690877,2.9399268011363184,0.05873313530476931,0.0,0.44779307421017034,True
17,Late,0.05,3,11.360117325319361,2.9970192833731897,0.03719872392049073,0.0,0.35299620745892213,True
17,Late,0.05,4,11.218176632310959,2.8558175944969166,0.09660864017523751,0.03216554715796072,0.3974043675237189,True
17,Late,0.1,0,10.498873260957524,2.898324887075257,0.0034417291406656503,0.0,0.4798777870901971,True
17,Late,0.1,1,11.044890856510207,2.9457511736551343,0.0,0.0,0.39368241286843064,True
17,Late,0.1,2,10.68037315246026,2.8304796146800566,0.05226428947644557,0.08214193598676989,0.3759208907159839,True
17,Late,0.1,3,10.920786468680406,2.806487918188776,0.18542129899949833,0.0,0.30153327317197487,True
17,Late,0.1,4,10.327420780563262,2.781335831105343,0.018581615383960415,0.07542412389553066,0.27499694699879296,True
17,Late,0.2,0,8.789392331797979,2.941693122115324,0.03620951282965734,0.09603709857301412,0.40554064318112326,True
17,Late,0.2,1,8.269753803722653,2.9980189687179823,0.07442496888624817,0.10566442796572728,0.2941921642797385,True
17,Late,0.2,2,7.61468526100342,2.7717092106379786,0.04406074665439785,0.0,0.45555450128341324,True
17,Late,0.2,3,8.616090008337105,2.928815451777021,0.019008332308079634,0.06458757403191884,0.2948675722307108,True
17,Late,0.2,4,9.06031899424793,3.0285458797260807,0.07508817591709649,0.09876971995936401,0.45489945124936026,True
18,Early,0.0,0,0.0826635145102812,3.24767157927307,0.037094892478026775,0.0,0.08189733062061055,True
18,Early,0.05,0,0.11211289406565683,3.376876180831255,0.0,0.0,0.03819501012104354,True
18,Early,0.05,1,0.07225300106154275,3.204481744584827,0.04773576484970743,0.059327266407258605,0.09019813157855383,True
18,Early,0.05,2,0.11257353473721565,3.2742651313730127,0.011162299605171011,0.0,0.017577769654217867,True
18,Early,0.05,3,0.10431387138395865,3.1337679711551005,0.03156023970986421,0.0,0.02687068673666282,True
18,Early,0.05,4,0.0900571522600897,3.2340798596935603,0.0,0.0,0.05061458670580654,True
18,Early,0.1,0,0.1386987209266799,3.1922668756598656,0.0232908573706907,0.033597287351168514,0.0,True
18,Early,0.1,1,0.06251293845790507,3.17041374326999,0.18570335216785372,0.0,0.0,True
18,Early,0.1,2,0.0984273825363462,3.270328047455258,0.04230974751488903,0.014586234509454954,0.0,True
18,Early,0.1,3,0.11110482949557676,3.2250420186451745,0.035097428874403036,0.0,0.0,True
18,Early,0.1,4,0.12466372412801618,3.163337463768967,0.07139415137666116,0.0,0.034932599744174286,True
18,Early,0.2,0,0.07650229483898352,3.390524968163853,0.0,0.0,0.0,True
18,Early,0.2,1,0.07582585257275154,3.2835428631299663,0.0,0.0,0.017438757200362698,True
18,Early,0.2,2,0.19561253833247516,3.424247069850006,0.0,0.0,0.0,True
18,Early,0.2,3,0.15306971885555987,3.4963006428232175,0.0,0.0,0.0,True
18,Early,0.2,4,0.0883744189981206,3.320264609156462,0.0,0.0,0.0,True
18,Late,0.0,0,12.208778528248626,2.5066871958825963,0.0,0.0,0.19225134915044562,True
18,Late,0.05,0,11.447763302186857,2.5643064866856777,0.0,0.0,0.3362766814440499,True
18,Late,0.05,1,11.952632389906958,2.5806255624258405,0.0,0.0,0.20333785043945696,True
18,Late,0.05,2,11.323916564805817,2.5143896583496947,0.0512085735822323,0.10088194292585095,0.33244901099878366,True
18,Late,0.05,3,11.480262766751553,2.3876899201673276,0.0,0.0,0.24762499961409823,True
18,Late,0.05,4,12.027221927766481,2.4279307984357925,0.014136008384306287,0.10488113033383373,0.1939526541965204,True
18,Late,0.1,0,10.306542093158786,2.631637343932524,0.0908965410196978,0.11955415964500826,0.16744924684703255,True
18,Late,0.1,1,10.721461426047556,2.3214281285556857,0.037930728802114455,0.0,0.35448543030294255,True
18,Late,0.1,2,10.366772541228505,2.437001276627503,0.15887064363730374,0.013979820851110158,0.0593853301920646,True
18,Late,0.1,3,11.374109552178595,2.639362663211634,0.1252597862739333,0.0,0.2284373453477464,True
18,Late,0.1,4,9.71419098108845,2.4874683628509566,0.008902825311464468,0.007483326242919919,0.1625991166812737,True
18,Late,0.2,0,8.793789562172314,2.480349792788176,0.13456105128866547,0.0,0.21737853291144704,True
18,Late,0.2,1,8.571929932825983,2.422712319274391,0.01524203776152211,0.005114215481746065,0.2819696787593724,True
18,Late,0.2,2,9.01114721817299,2.601876048093043,0.0429558525194067,0.0,0.2721046876261055,True
18,Late,0.2,3,8.25913827563628,2.555306928281319,0.0,0.0,0.1750800764558238,True
18,Late,0.2,4,8.645913840006093,2.5877416964311837,0.014512504804802262,0.11174116048354632,0.145461654805759,True
19,Early,0.0,0,0.08545228900681989,3.45291250713846,0.0040845219837724045,0.0,0.12726585524038736,True
19,Early,0.05,0,0.10592965837693846,3.409575081145766,0.018818743810579353,0.0,0.0774471379357844,True
19,Early,0.05,1,0.058777460133690784,3.51287093191609,0.025804255133929033,0.0,0.13641900016570485,True
19,Early,0.05,2,0.04767768481021539,3.477367722485986,0.03043338789636696,0.0,0.17589077729971025,True
19,Early,0.05,3,0.0667734743849886,3.5114585052731737,0.030353448783733583,0.0,0.07795255929472367,True
19,Early,0.05,4,0.04008941973565561,3.523064488923617,0.0,0.0,0.09513646525298736,True
19,Early,0.1,0,0.07102919734440505,3.5418551768132107,0.05428322594733492,0.0,0.03852039775951743,True
19,Early,0.1,1,0.07634646964020586,3.5922169526909586,0.09245550827013949,0.0,0.0,True
19,Early,0.1,2,0.11223560201049798,3.44253072926473,0.0,0.0,0.02775933484907922,True
19,Early,0.1,3,0.0688789174541573,3.5024351616679374,0.04293821646407725,0.0,0.04901731469855575,True
19,Early,0.1,4,0.09050687927947454,3.5666560410844195,0.0,0.0,0.07145050217073257,True
19,Early,0.2,0,0.028836157773682203,3.4401556884490763,0.0,0.052232204961616624,0.0,True
19,Early,0.2,1,0.02993872681746046,3.464836241501672,0.06985539316718947,0.0,0.06753895887883932,True
19,Early,0.2,2,0.05304424910018257,3.213063321401712,0.0,0.0,0.10172373312227068,True
19,Early,0.2,3,0.07018930968039294,3.480464748206248,0.016499601670571185,0.0,0.1503817347689158,True
19,Early,0.2,4,0.1642253552549784,3.371258998855796,0.004019573529658427,0.0,0.16016302104742186,True
19,Late,0.0,0,0.011739434930622128,3.2335048877694494,0.0,0.0,0.0,True
19,Late,0.05,0,0.025959052347583444,3.2764360219421693,0.0,0.009955559899502475,0.0,True
19,Late,0.05,1,0.04933452913074099,3.208049095042434,0.0,0.019237790753114936,0.0,True
19,Late,0.05,2,0.007685851136989275,3.1906589351665358,0.0,0.012557561982719179,0.0,True
19,Late,0.05,3,0.02945546498495144,3.276845587753658,0.12853963972023363,0.029067279535902824,0.0,True
19,Late,0.05,4,0.023036951459891597,3.2300971425972045,0.0,0.0,0.0,True
19,Late,0.1,0,0.029500511263576,3.221234304724238,0.13486058684427116,0.09931056796527704,0.0,True
19,Late,0.1,1,0.02471425026249907,3.3497090377296477,0.05910148765563594,0.06286842700926565,0.0,True
19,Late,0.1,2,0.04093402732363893,3.2346118339794248,0.010144285837004663,0.01318131528582045,0.0006256703133797892,True
19,Late,0.1,3,0.03144725771318457,3.1401808708530035,0.0,0.0,0.0,True
19,Late,0.1,4,0.08137027193113289,3.2766771278621696,0.10735920883037586,0.0,0.0,True
19,Late,0.2,0,0.0,3.4568597860757353,0.11590350150602324,0.0024054241674553722,0.0,True
19,Late,0.2,1,0.018813574474634276,3.356052804368917,0.07678301442675517,0.0,0.0,True
19,Late,0.2,2,0.04141420131723628,3.2939089649744004,0.0,0.19630817140172052,0.0,True
19,Late,0.2,3,0.14115879218738137,3.1963477723636498,0.03142190763481212,0.09974768869022643,0.11296676351822699,True
19,Late,0.2,4,0.09196324272910061,3.39257183630486,0.0,0.08375544551972114,0.0,True
20,Early,0.0,0,0.12244169877233135,3.387107030091907,0.002881924911003697,0.0,0.0,True
20,Early,0.05,0,0.11401758010362384,3.504931469812399,0.01391717105272372,0.0,0.0,True
20,Early,0.05,1,0.09983686911081424,3.4639918599458115,0.0,0.0,0.036970356709207675,True
20,Early,0.05,2,0.12372201188878673,3.33806626507493,0.007481805063348279,0.0,0.0,True
20,Early,0.05,3,0.16317325345937306,3.2577702669982846,0.008999823849578092,0.0,0.0,True
20,Early,0.05,4,0.13635158553771198,3.348970167100185,0.0,0.0,0.0,True
20,Early,0.1,0,0.12799969081957752,3.347297612558156,0.0,0.0,0.04391100632097222,True
20,Early,0.1,1,0.0671864365767223,3.314044885686341,0.012183981120655663,0.019854442786078064,0.0,True
20,Early,0.1,2,0.15498071159495952,3.2748085865062477,0.007768652565217415,0.0,0.0,True
20,Early,0.1,3,0.08436229567935216,3.203217911261462,0.07748173244445411,0.008706300400426414,0.0,True
20,Early,0.1,4,0.12045961916860604,3.2740895290234198,0.0,0.0,0.0,True
20,Early,0.2,0,0.07315626528902897,3.429838398362741,0.0,0.0,0.0,True
20,Early,0.2,1,0.18034558396524814,3.6172659780791325,0.0,0.0,0.01356273435503308,True
20,Early,0.2,2,0.08289063479459147,3.411637585149897,0.0,0.0,0.0,True
20,Early,0.2,3,0.15229531198973723,3.390397350716038,0.0,0.017246609709081095,0.0,True
20,Early,0.2,4,0.16438215333179151,3.317700717235314,0.005676732656347827,0.0,0.0,True
20,Late,0.0,0,0.2381772154543702,2.995478634365024,0.032236977358294006,0.08417736682549481,0.2188331796929064,True
20,Late,0.05,0,0.27368661129589356,3.0857895611782435,0.0,0.12142390512638901,0.11071322386635396,True
20,Late,0.05,1,0.28364331816022004,3.021233397977683,0.0630741951514393,0.07081077615380771,0.07027307863482779,True
20,Late,0.05,2,0.2578442794048965,2.980656189068338,0.03237151285824247,0.14918608595389582,0.13240228071751803,True
20,Late,0.05,3,0.28038062525462726,2.9934488349327153,0.009323439104854003,0.07959224827070033,0.12853737875383464,True
20,Late,0.05,4,0.31740349668159684,3.0779414799324045,0.0,0.04842306226006032,0.1447011087181913,True
20,Late,0.1,0,0.27983985916927123,3.2569737349541157,0.036854402864806346,0.07048216546657571,0.07841968118544695,True
20,Late,0.1,1,0.23834606892385324,3.0491675250604806,0.11103639031739787,0.15458891158074017,0.04213359189633836,True
20,Late,0.1,2,0.26060240845779337,2.853201856995907,0.0,0.06200220278159918,0.09337110653261904,True
20,Late,0.1,3,0.23292382274438417,3.085749314500185,0.05841785522540999,0.08877030683783138,0.18932210416005235,True
20,Late,0.1,4,0.3946270583948479,2.9824216079687758,0.0,0.12433625996218467,0.18306313996688228,True
20,Late,0.2,0,0.3041248538930059,2.9382731280944787,0.0,0.0,0.0943918699839652,True
20,Late,0.2,1,0.3639823620599838,3.0761089693743715,0.0043666662418200275,0.0,0.0,True
20,Late,0.2,2,0.3693831245743464,3.1145644826145142,0.015569377451449373,0.027855944685382106,0.0,True
20,Late,0.2,3,0.31936086424666366,2.8474414632144596,0.04605276039180639,0.08669911255208751,0.11281482014655397,True
20,Late,0.2,4,0.427264784635077,2.9419335959398567,0.0,0.0,0.10727530434673849,True
