SST,D_local,M,TE_forward,TE_reverse,CMI
27.89856928122856,1.1164375871712031,1.8065123646559766,0.03419477027374773,0.09760125986742318,0.0
27.923643608756795,1.1164375871712031,1.8065123646559766,0.03419477027374773,0.09760125986742318,0.0
27.879863118628386,1.1164375871712031,1.8065123646559766,0.03419477027374773,0.09760125986742318,0.0
27.53934200097361,1.1164375871712031,1.8065123646559766,0.03419477027374773,0.09760125986742318,0.0
27.34276629303318,1.1164375871712031,1.8065123646559766,0.03419477027374773,0.09760125986742318,0.0
26.488531570336644,1.1164375871712031,1.8065123646559766,0.03419477027374773,0.09760125986742318,0.0
25.72930490898175,1.1164375871712031,1.8065123646559766,0.03419477027374773,0.09760125986742318,0.0
25.55045768466807,1.1164375871712031,1.8065123646559766,0.03419477027374773,0.09760125986742318,0.0
25.26395908884571,1.1164375871712031,1.8065123646559766,0.03419477027374773,0.09760125986742318,0.0
25.430249265120278,1.1164375871712031,1.8065123646559766,0.03419477027374773,0.09760125986742318,0.0
25.729859328296296,1.1164375871712031,1.8065123646559766,0.03419477027374773,0.09760125986742318,0.0
25.79332750290153,1.1164375871712031,1.8065123646559766,0.03419477027374773,0.09760125986742318,0.0
25.795371939614363,1.1164375871712031,1.8065123646559766,0.03419477027374773,0.09760125986742318,0.0
26.15924152173025,1.1164375871712031,1.8065123646559766,0.03419477027374773,0.09760125986742318,0.0
26.99195027715847,1.1164375871712031,1.8065123646559766,0.03419477027374773,0.09760125986742318,0.0
27.403134022319723,1.1164375871712031,1.8065123646559766,0.03419477027374773,0.09760125986742318,0.0
26.96853312868225,1.1164375871712031,1.8065123646559766,0.03419477027374773,0.09760125986742318,0.0
26.684787900053923,1.1164375871712031,1.8065123646559766,0.03419477027374773,0.09760125986742318,0.0
26.378844459825675,1.1164375871712031,1.8065123646559766,0.03419477027374773,0.09760125986742318,0.0
26.398199009123825,1.1164375871712031,1.8065123646559766,0.03419477027374773,0.09760125986742318,0.0
26.285271801470213,1.1164375871712031,1.8065123646559766,0.03419477027374773,0.09760125986742318,0.0
26.86267369781114,1.1164375871712031,1.8065123646559766,0.03419477027374773,0.09760125986742318,0.0
27.160194091533004,1.1164375871712031,1.8065123646559766,0.03419477027374773,0.09760125986742318,0.0
27.5347047017939,1.1164375871712031,1.8065123646559766,0.03419477027374773,0.09760125986742318,0.0
27.83770586263492,1.1164375871712031,1.8065123646559766,0.03419477027374773,0.09760125986742318,0.0
28.181278559051787,1.1164375871712031,1.8065123646559766,0.03419477027374773,0.09760125986742318,0.0
28.290656558077856,1.1164375871712031,1.8065123646559766,0.03419477027374773,0.09760125986742318,0.0
28.407193877191865,1.1164375871712031,1.8065123646559766,0.03419477027374773,0.09760125986742318,0.0
27.86376260615962,1.1164375871712031,1.8065123646559766,0.03419477027374773,0.09760125986742318,0.0
27.52363795656033,1.1164375871712031,1.8065123646559766,0.03419477027374773,0.09760125986742318,0.0
27.184100337352195,1.1164375871712031,1.8065123646559766,0.03419477027374773,0.09760125986742318,0.0
27.434327585006837,1.1164375871712031,1.8065123646559766,0.03419477027374773,0.09760125986742318,0.0
27.578217678847867,1.1164375871712031,1.8065123646559766,0.03419477027374773,0.09760125986742318,0.0
27.473858002264556,1.1164375871712031,1.8065123646559766,0.03419477027374773,0.09760125986742318,0.0
27.736489567903146,1.1164375871712031,1.8065123646559766,0.03419477027374773,0.09760125986742318,0.0
27.72992753889399,1.1164375871712031,1.8065123646559766,0.03419477027374773,0.09760125986742318,0.0
27.697669722871343,1.1164375871712031,1.8065123646559766,0.03419477027374773,0.09760125986742318,0.0
28.000172228023864,1.1164375871712031,1.8065123646559766,0.03419477027374773,0.09760125986742318,0.0
28.2577596946334,1.1164375871712031,1.8065123646559766,0.03419477027374773,0.09760125986742318,0.0
28.299020011907164,1.1164375871712031,1.8065123646559766,0.03419477027374773,0.09760125986742318,0.0
28.436583156889757,1.1164375871712031,1.8065123646559766,0.03419477027374773,0.09760125986742318,0.0
28.186985135886083,1.1164375871712031,1.8065123646559766,0.03419477027374773,0.09760125986742318,0.0
27.64085675670533,1.1164375871712031,1.8065123646559766,0.03419477027374773,0.09760125986742318,0.0
26.85926935034073,1.1164375871712031,1.8065123646559766,0.03419477027374773,0.09760125986742318,0.0
26.748197905200165,1.1164375871712031,1.8065123646559766,0.03419477027374773,0.09760125986742318,0.0
26.47596187460865,1.1164375871712031,1.8065123646559766,0.03419477027374773,0.09760125986742318,0.0
26.258860783827416,1.1164375871712031,1.8065123646559766,0.03419477027374773,0.09760125986742318,0.0
26.360524119301814,1.1164375871712031,1.8065123646559766,0.03419477027374773,0.09760125986742318,0.0
26.270597705793623,1.1164375871712031,1.8065123646559766,0.03419477027374773,0.09760125986742318,0.0
27.08181242955983,1.1164375871712031,1.8065123646559766,0.03419477027374773,0.09760125986742318,0.0
27.56412965694804,1.1164375871712031,1.8065123646559766,0.03419477027374773,0.09760125986742318,0.0
27.71946322412269,1.1164375871712031,1.8065123646559766,0.03419477027374773,0.09760125986742318,0.0
28.071554972486624,1.1164375871712031,1.8065123646559766,0.03419477027374773,0.09760125986742318,0.0
27.827081080368902,1.1164375871712031,1.8065123646559766,0.03419477027374773,0.09760125986742318,0.0
27.460606382806272,1.1164375871712031,1.8065123646559766,0.03419477027374773,0.09760125986742318,0.0
27.171657640801865,1.1164375871712031,1.8065123646559766,0.03419477027374773,0.09760125986742318,0.0
26.924207872901945,1.1164375871712031,1.8065123646559766,0.03419477027374773,0.09760125986742318,0.0
26.49174213194588,1.1164375871712031,1.8065123646559766,0.03419477027374773,0.09760125986742318,0.0
25.939883108002668,1.1164375871712031,1.8065123646559766,0.03419477027374773,0.09760125986742318,0.0
25.56985050199058,1.1164375871712031,1.8065123646559766,0.03419477027374773,0.09760125986742318,0.0
25.84653134549509,1.1164375871712031,1.8065123646559766,0.03419477027374773,0.09760125986742318,0.0
25.879232550656127,1.1164375871712031,1.8065123646559766,0.03419477027374773,0.09760125986742318,0.0
25.872599472300653,1.1164375871712031,1.8065123646559766,0.03419477027374773,0.09760125986742318,0.0
25.990550474308595,1.1164375871712031,1.8065123646559766,0.03419477027374773,0.09760125986742318,0.0
26.189062881121306,1.1164375871712031,1.8065123646559766,0.03419477027374773,0.09760125986742318,0.0
26.24598621379856,1.1164375871712031,1.8065123646559766,0.03419477027374773,0.09760125986742318,0.0
26.189229062742097,1.1164375871712031,1.8065123646559766,0.03419477027374773,0.09760125986742318,0.0
25.985046147167125,1.1164375871712031,1.8065123646559766,0.03419477027374773,0.09760125986742318,0.0
25.887465169253243,1.1164375871712031,1.8065123646559766,0.03419477027374773,0.09760125986742318,0.0
25.84753153659281,1.1164375871712031,1.8065123646559766,0.03419477027374773,0.09760125986742318,0.0
26.019948917660287,1.1164375871712031,1.8065123646559766,0.03419477027374773,0.09760125986742318,0.0
26.14299767944867,1.1164375871712031,1.8065123646559766,0.03419477027374773,0.09760125986742318,0.0
26.6660954114401,1.1164375871712031,1.8065123646559766,0.03419477027374773,0.09760125986742318,0.0
26.70259180968724,1.1164375871712031,1.8065123646559766,0.03419477027374773,0.09760125986742318,0.0
27.23809699148198,1.1164375871712031,1.8065123646559766,0.03419477027374773,0.09760125986742318,0.0
27.280790673685207,1.1164375871712031,1.8065123646559766,0.03419477027374773,0.09760125986742318,0.0
27.559890791905737,1.1164375871712031,1.8065123646559766,0.03419477027374773,0.09760125986742318,0.0
27.165698499393788,1.1164375871712031,1.8065123646559766,0.03419477027374773,0.09760125986742318,0.0
26.33519173575408,1.1164375871712031,1.8065123646559766,0.03419477027374773,0.09760125986742318,0.0
26.59495383749375,1.1164375871712031,1.8065123646559766,0.03419477027374773,0.09760125986742318,0.0
27.32503420830184,1.1164375871712031,1.8065123646559766,0.03419477027374773,0.09760125986742318,0.0
27.45389541582201,1.1164375871712031,1.8065123646559766,0.03419477027374773,0.09760125986742318,0.0
27.523685090535256,1.1164375871712031,1.8065123646559766,0.03419477027374773,0.09760125986742318,0.0
27.23935421460765,1.1164375871712031,1.8065123646559766,0.03419477027374773,0.09760125986742318,0.0
27.0275263372779,1.1164375871712031,1.8065123646559766,0.03419477027374773,0.09760125986742318,0.0
27.398369341152545,1.1164375871712031,1.8065123646559766,0.03419477027374773,0.09760125986742318,0.0
27.021044286516386,1.1164375871712031,1.8065123646559766,0.03419477027374773,0.09760125986742318,0.0
27.340765006390168,1.1164375871712031,1.8065123646559766,0.03419477027374773,0.09760125986742318,0.0
27.948123039421542,1.1164375871712031,1.8065123646559766,0.03419477027374773,0.09760125986742318,0.0
27.87037333073289,1.1164375871712031,1.8065123646559766,0.03419477027374773,0.09760125986742318,0.0
27.566097355732808,1.1164375871712031,1.8065123646559766,0.03419477027374773,0.09760125986742318,0.0
27.29899622250576,1.1164375871712031,1.8065123646559766,0.03419477027374773,0.09760125986742318,0.0
27.052590296219314,1.1164375871712031,1.8065123646559766,0.03419477027374773,0.09760125986742318,0.0
26.85235651372854,1.1164375871712031,1.8065123646559766,0.03419477027374773,0.09760125986742318,0.0
26.528260891426143,1.1164375871712031,1.8065123646559766,0.03419477027374773,0.09760125986742318,0.0
25.663073065815,1.1164375871712031,1.8065123646559766,0.03419477027374773,0.09760125986742318,0.0
25.4959496033394,1.1164375871712031,1.8065123646559766,0.03419477027374773,0.09760125986742318,0.0
25.71881686255288,1.1164375871712031,1.8065123646559766,0.03419477027374773,0.09760125986742318,0.0
25.513247495594197,1.1164375871712031,1.8065123646559766,0.03419477027374773,0.09760125986742318,0.0
25.46180334303521,1.1164375871712031,1.8065123646559766,0.03419477027374773,0.09760125986742318,0.0
25.94507618069511,1.1164375871712031,1.8065123646559766,0.03419477027374773,0.09760125986742318,0.0
26.552513700335428,1.1164375871712031,1.8065123646559766,0.03419477027374773,0.09760125986742318,0.0
26.371302574847363,1.1164375871712031,1.8065123646559766,0.03419477027374773,0.09760125986742318,0.0
26.206804405257454,1.1164375871712031,1.8065123646559766,0.03419477027374773,0.09760125986742318,0.0
26.4418446374806,1.1164375871712031,1.8065123646559766,0.03419477027374773,0.09760125986742318,0.0
26.81240103286753,1.1164375871712031,1.8065123646559766,0.03419477027374773,0.09760125986742318,0.0
26.64153106782885,1.1164375871712031,1.8065123646559766,0.03419477027374773,0.09760125986742318,0.0
26.78177527922865,1.1164375871712031,1.8065123646559766,0.03419477027374773,0.09760125986742318,0.0
27.25651419956436,1.1164375871712031,1.8065123646559766,0.03419477027374773,0.09760125986742318,0.0
28.07589841173037,1.1164375871712031,1.8065123646559766,0.03419477027374773,0.09760125986742318,0.0
28.670042054779685,1.1164375871712031,1.8065123646559766,0.03419477027374773,0.09760125986742318,0.0
28.89986038817238,1.1164375871712031,1.8065123646559766,0.03419477027374773,0.09760125986742318,0.0
28.43377750214787,1.1164375871712031,1.8065123646559766,0.03419477027374773,0.09760125986742318,0.0
27.9124648130598,1.1164375871712031,1.8065123646559766,0.03419477027374773,0.09760125986742318,0.0
27.7336614893391,1.1164375871712031,1.8065123646559766,0.03419477027374773,0.09760125986742318,0.0
27.66173106757682,1.1164375871712031,1.8065123646559766,0.03419477027374773,0.09760125986742318,0.0
27.7212922681442,1.1164375871712031,1.8065123646559766,0.03419477027374773,0.09760125986742318,0.0
27.33893131631466,1.1164375871712031,1.8065123646559766,0.03419477027374773,0.09760125986742318,0.0
27.13163591115556,1.1164375871712031,1.8065123646559766,0.03419477027374773,0.09760125986742318,0.0
26.70582562566197,1.1164375871712031,1.8065123646559766,0.03419477027374773,0.09760125986742318,0.0
26.658111991994726,1.1164375871712031,1.8065123646559766,0.03419477027374773,0.09760125986742318,0.0
26.939231036684436,1.1164375871712031,1.8065123646559766,0.03419477027374773,0.09760125986742318,0.0
27.34234122625385,1.1164375871712031,1.8065123646559766,0.03419477027374773,0.09760125986742318,0.0
27.67104661166566,1.1164375871712031,1.8065123646559766,0.03419477027374773,0.09760125986742318,0.0
27.4855899656871,1.1164375871712031,1.8065123646559766,0.03419477027374773,0.09760125986742318,0.0
28.051116928252515,1.1164375871712031,1.8065123646559766,0.03419477027374773,0.09760125986742318,0.0
28.28051210302452,1.1164375871712031,1.8065123646559766,0.03419477027374773,0.09760125986742318,0.0
27.635080156216038,1.1164375871712031,1.8065123646559766,0.03419477027374773,0.09760125986742318,0.0
27.56418625805981,1.1164375871712031,1.8065123646559766,0.03419477027374773,0.09760125986742318,0.0
28.04133982947028,1.1164375871712031,1.8065123646559766,0.03419477027374773,0.09760125986742318,0.0
28.181340359495163,1.1164375871712031,1.8065123646559766,0.03419477027374773,0.09760125986742318,0.0
27.598016430550054,1.1164375871712031,1.8065123646559766,0.03419477027374773,0.09760125986742318,0.0
27.13733121598114,1.1164375871712031,1.8065123646559766,0.03419477027374773,0.09760125986742318,0.0
26.736360004717625,1.1164375871712031,1.8065123646559766,0.03419477027374773,0.09760125986742318,0.0
26.45156992530252,1.1164375871712031,1.8065123646559766,0.03419477027374773,0.09760125986742318,0.0
26.79379499341321,1.1164375871712031,1.8065123646559766,0.03419477027374773,0.09760125986742318,0.0
26.908963259131824,1.1164375871712031,1.8065123646559766,0.03419477027374773,0.09760125986742318,0.0
26.750139627648867,1.1164375871712031,1.8065123646559766,0.03419477027374773,0.09760125986742318,0.0
27.26127842472012,1.1164375871712031,1.8065123646559766,0.03419477027374773,0.09760125986742318,0.0
27.84558150811115,1.1164375871712031,1.8065123646559766,0.03419477027374773,0.09760125986742318,0.0
27.989625107523885,1.1164375871712031,1.8065123646559766,0.03419477027374773,0.09760125986742318,0.0
27.813464719301955,1.1164375871712031,1.8065123646559766,0.03419477027374773,0.09760125986742318,0.0
27.27307126663291,1.1164375871712031,1.8065123646559766,0.03419477027374773,0.09760125986742318,0.0
27.001267735004337,1.1164375871712031,1.8065123646559766,0.03419477027374773,0.09760125986742318,0.0
27.29873032804624,1.1164375871712031,1.8065123646559766,0.03419477027374773,0.09760125986742318,0.0
27.626545217925777,1.1164375871712031,1.8065123646559766,0.03419477027374773,0.09760125986742318,0.0
27.84324814770554,1.1164375871712031,1.8065123646559766,0.03419477027374773,0.09760125986742318,0.0
28.357800146796954,1.1164375871712031,1.8065123646559766,0.03419477027374773,0.09760125986742318,0.0
28.441867057151526,1.1164375871712031,1.8065123646559766,0.03419477027374773,0.09760125986742318,0.0
28.620728087455944,1.1164375871712031,1.8065123646559766,0.03419477027374773,0.09760125986742318,0.0
28.1493176669842,1.1164375871712031,1.8065123646559766,0.03419477027374773,0.09760125986742318,0.0
27.825799206403737,1.1164375871712031,1.8065123646559766,0.03419477027374773,0.09760125986742318,0.0
27.661376307673645,1.1164375871712031,1.8065123646559766,0.03419477027374773,0.09760125986742318,0.0
27.124094952150717,1.1164375871712031,1.8065123646559766,0.03419477027374773,0.09760125986742318,0.0
26.077936110482774,1.1164375871712031,1.8065123646559766,0.03419477027374773,0.09760125986742318,0.0
25.625661964730448,1.1164375871712031,1.8065123646559766,0.03419477027374773,0.09760125986742318,0.0
25.715964593512936,1.1164375871712031,1.8065123646559766,0.03419477027374773,0.09760125986742318,0.0
25.69299968838921,1.1164375871712031,1.8065123646559766,0.03419477027374773,0.09760125986742318,0.0
27.06083154928796,1.1164375871712031,1.8065123646559766,0.03419477027374773,0.09760125986742318,0.0
27.40739467108361,1.1164375871712031,1.8065123646559766,0.03419477027374773,0.09760125986742318,0.0
27.571439733226143,1.1164375871712031,1.8065123646559766,0.03419477027374773,0.09760125986742318,0.0
27.974155177450488,1.1164375871712031,1.8065123646559766,0.03419477027374773,0.09760125986742318,0.0
28.342821672300435,1.1164375871712031,1.8065123646559766,0.03419477027374773,0.09760125986742318,0.0
28.807599160224445,1.1164375871712031,1.8065123646559766,0.03419477027374773,0.09760125986742318,0.0
29.174987389883796,1.1164375871712031,1.8065123646559766,0.03419477027374773,0.09760125986742318,0.0
28.923143159073685,1.1164375871712031,1.8065123646559766,0.03419477027374773,0.09760125986742318,0.0
28.48572101346828,1.1164375871712031,1.8065123646559766,0.03419477027374773,0.09760125986742318,0.0
28.4234284512617,1.1164375871712031,1.8065123646559766,0.03419477027374773,0.09760125986742318,0.0
28.25730383725649,1.1164375871712031,1.8065123646559766,0.03419477027374773,0.09760125986742318,0.0
28.469306677244507,1.1164375871712031,1.8065123646559766,0.03419477027374773,0.09760125986742318,0.0
28.84079302360629,1.1164375871712031,1.8065123646559766,0.03419477027374773,0.09760125986742318,0.0
29.201789879554948,1.1164375871712031,1.8065123646559766,0.03419477027374773,0.09760125986742318,0.0
29.362569573181325,1.1164375871712031,1.8065123646559766,0.03419477027374773,0.09760125986742318,0.0
29.499889821194333,1.1164375871712031,1.8065123646559766,0.03419477027374773,0.09760125986742318,0.0
28.84898988077208,1.1164375871712031,1.8065123646559766,0.03419477027374773,0.09760125986742318,0.0
28.54560077469019,1.1164375871712031,1.8065123646559766,0.03419477027374773,0.09760125986742318,0.0
28.486707956618723,1.1164375871712031,1.8065123646559766,0.03419477027374773,0.09760125986742318,0.0
28.27055242082792,1.1164375871712031,1.8065123646559766,0.03419477027374773,0.09760125986742318,0.0
27.769849556887888,1.1164375871712031,1.8065123646559766,0.03419477027374773,0.09760125986742318,0.0
27.018814115935676,1.1164375871712031,1.8065123646559766,0.03419477027374773,0.09760125986742318,0.0
26.75446236266143,1.1164375871712031,1.8065123646559766,0.03419477027374773,0.09760125986742318,0.0
26.61247679309836,1.1164375871712031,1.8065123646559766,0.03419477027374773,0.09760125986742318,0.0
26.81542385969829,1.1164375871712031,1.8065123646559766,0.03419477027374773,0.09760125986742318,0.0
27.468654703529552,1.1164375871712031,1.8065123646559766,0.03419477027374773,0.09760125986742318,0.0
27.548568039100576,1.1164375871712031,1.8065123646559766,0.03419477027374773,0.09760125986742318,0.0
27.16113577196521,1.1164375871712031,1.8065123646559766,0.03419477027374773,0.09760125986742318,0.0
26.97936169496493,1.1164375871712031,1.8065123646559766,0.03419477027374773,0.09760125986742318,0.0
26.898595083729383,1.1164375871712031,1.8065123646559766,0.03419477027374773,0.09760125986742318,0.0
26.74193461461472,1.1164375871712031,1.8065123646559766,0.03419477027374773,0.09760125986742318,0.0
26.60419701641314,1.1164375871712031,1.8065123646559766,0.03419477027374773,0.09760125986742318,0.0
26.94128937529496,1.1164375871712031,1.8065123646559766,0.03419477027374773,0.09760125986742318,0.0
26.41361462087893,1.1164375871712031,1.8065123646559766,0.03419477027374773,0.09760125986742318,0.0
26.607723416367413,1.1164375871712031,1.8065123646559766,0.03419477027374773,0.09760125986742318,0.0
26.829531099609472,1.1164375871712031,1.8065123646559766,0.03419477027374773,0.09760125986742318,0.0
27.334132312174063,1.1164375871712031,1.8065123646559766,0.03419477027374773,0.09760125986742318,0.0
27.870107015149674,1.1164375871712031,1.8065123646559766,0.03419477027374773,0.09760125986742318,0.0
28.06798058232461,1.1164375871712031,1.8065123646559766,0.03419477027374773,0.09760125986742318,0.0
27.632408225085403,1.1164375871712031,1.8065123646559766,0.03419477027374773,0.09760125986742318,0.0
26.997521669117678,1.1164375871712031,1.8065123646559766,0.03419477027374773,0.09760125986742318,0.0
26.39634617583152,1.1164375871712031,1.8065123646559766,0.03419477027374773,0.09760125986742318,0.0
26.76786123876188,1.1164375871712031,1.8065123646559766,0.03419477027374773,0.09760125986742318,0.0
26.569079635112587,1.1164375871712031,1.8065123646559766,0.03419477027374773,0.09760125986742318,0.0
26.419951759435577,1.1164375871712031,1.8065123646559766,0.03419477027374773,0.09760125986742318,0.0
26.0282384748488,1.1164375871712031,1.8065123646559766,0.03419477027374773,0.09760125986742318,0.0
25.62921118991496,1.1164375871712031,1.8065123646559766,0.03419477027374773,0.09760125986742318,0.0
25.61665955499502,1.1164375871712031,1.8065123646559766,0.03419477027374773,0.09760125986742318,0.0
25.818783929553607,1.1164375871712031,1.8065123646559766,0.03419477027374773,0.09760125986742318,0.0
25.886995162958897,1.1164375871712031,1.8065123646559766,0.03419477027374773,0.09760125986742318,0.0
26.00680138013443,1.1164375871712031,1.8065123646559766,0.03419477027374773,0.09760125986742318,0.0
25.400564791288552,1.1164375871712031,1.8065123646559766,0.03419477027374773,0.09760125986742318,0.0
25.1895262063154,1.1164375871712031,1.8065123646559766,0.03419477027374773,0.09760125986742318,0.0
25.23812798315189,1.1164375871712031,1.8065123646559766,0.03419477027374773,0.09760125986742318,0.0
25.103375380246234,1.1164375871712031,1.8065123646559766,0.03419477027374773,0.09760125986742318,0.0
25.031605809068694,1.1164375871712031,1.8065123646559766,0.03419477027374773,0.09760125986742318,0.0
25.22345286724429,1.1164375871712031,1.8065123646559766,0.03419477027374773,0.09760125986742318,0.0
25.122209821844574,1.1164375871712031,1.8065123646559766,0.03419477027374773,0.09760125986742318,0.0
25.22482834424661,1.1164375871712031,1.8065123646559766,0.03419477027374773,0.09760125986742318,0.0
26.10910139672549,1.1164375871712031,1.8065123646559766,0.03419477027374773,0.09760125986742318,0.0
26.678125097952908,1.1164375871712031,1.8065123646559766,0.03419477027374773,0.09760125986742318,0.0
26.950169679421347,1.1164375871712031,1.8065123646559766,0.03419477027374773,0.09760125986742318,0.0
27.280796588922176,1.1164375871712031,1.8065123646559766,0.03419477027374773,0.09760125986742318,0.0
27.18875415641512,1.1164375871712031,1.8065123646559766,0.03419477027374773,0.09760125986742318,0.0
27.59205364529684,1.1164375871712031,1.8065123646559766,0.03419477027374773,0.09760125986742318,0.0
27.450053400034232,1.1164375871712031,1.8065123646559766,0.03419477027374773,0.09760125986742318,0.0
27.202773373463923,1.1164375871712031,1.8065123646559766,0.03419477027374773,0.09760125986742318,0.0
26.81123110185168,1.1164375871712031,1.8065123646559766,0.03419477027374773,0.09760125986742318,0.0
26.42579379096699,1.1164375871712031,1.8065123646559766,0.03419477027374773,0.09760125986742318,0.0
26.46298276983897,1.1164375871712031,1.8065123646559766,0.03419477027374773,0.09760125986742318,0.0
26.21084217364413,1.1164375871712031,1.8065123646559766,0.03419477027374773,0.09760125986742318,0.0
26.647887123115936,1.1164375871712031,1.8065123646559766,0.03419477027374773,0.09760125986742318,0.0
26.73190974047825,1.1164375871712031,1.8065123646559766,0.03419477027374773,0.09760125986742318,0.0
26.86075907468527,1.1164375871712031,1.8065123646559766,0.03419477027374773,0.09760125986742318,0.0
26.76313471259432,1.1164375871712031,1.8065123646559766,0.03419477027374773,0.09760125986742318,0.0
26.39825127035856,1.1164375871712031,1.8065123646559766,0.03419477027374773,0.09760125986742318,0.0
25.94229028226571,1.1164375871712031,1.8065123646559766,0.03419477027374773,0.09760125986742318,0.0
26.14510994542409,1.1164375871712031,1.8065123646559766,0.03419477027374773,0.09760125986742318,0.0
26.474983294452983,1.1164375871712031,1.8065123646559766,0.03419477027374773,0.09760125986742318,0.0
26.47357542762249,1.1164375871712031,1.8065123646559766,0.03419477027374773,0.09760125986742318,0.0
26.02889903481704,1.1164375871712031,1.8065123646559766,0.03419477027374773,0.09760125986742318,0.0
26.062469078966203,1.1164375871712031,1.8065123646559766,0.03419477027374773,0.09760125986742318,0.0
26.49988918577653,1.1164375871712031,1.8065123646559766,0.03419477027374773,0.09760125986742318,0.0
27.137939403807707,1.1164375871712031,1.8065123646559766,0.03419477027374773,0.09760125986742318,0.0
27.08258278664136,1.1164375871712031,1.8065123646559766,0.03419477027374773,0.09760125986742318,0.0
27.31269992120581,1.1164375871712031,1.8065123646559766,0.03419477027374773,0.09760125986742318,0.0
26.998666450067404,1.1164375871712031,1.8065123646559766,0.03419477027374773,0.09760125986742318,0.0
26.47234987118953,1.1164375871712031,1.8065123646559766,0.03419477027374773,0.09760125986742318,0.0
26.167095368931182,1.1164375871712031,1.8065123646559766,0.03419477027374773,0.09760125986742318,0.0
26.260512223225582,1.1164375871712031,1.8065123646559766,0.03419477027374773,0.09760125986742318,0.0
26.52567401946448,1.1164375871712031,1.8065123646559766,0.03419477027374773,0.09760125986742318,0.0
26.780313520663984,1.1164375871712031,1.8065123646559766,0.03419477027374773,0.09760125986742318,0.0
26.879946580493197,1.1164375871712031,1.8065123646559766,0.03419477027374773,0.09760125986742318,0.0
27.67068664841087,1.1164375871712031,1.8065123646559766,0.03419477027374773,0.09760125986742318,0.0
28.110235322310157,1.1164375871712031,1.8065123646559766,0.03419477027374773,0.09760125986742318,0.0
28.42456392775793,1.1164375871712031,1.8065123646559766,0.03419477027374773,0.09760125986742318,0.0
28.830528907459986,1.1164375871712031,1.8065123646559766,0.03419477027374773,0.09760125986742318,0.0
28.688994476012887,1.1164375871712031,1.8065123646559766,0.03419477027374773,0.09760125986742318,0.0
28.22709210201859,1.1164375871712031,1.8065123646559766,0.03419477027374773,0.09760125986742318,0.0
27.29105868110901,1.1164375871712031,1.8065123646559766,0.03419477027374773,0.09760125986742318,0.0
26.816801533602614,1.1164375871712031,1.8065123646559766,0.03419477027374773,0.09760125986742318,0.0
26.54479832090608,1.1164375871712031,1.8065123646559766,0.03419477027374773,0.09760125986742318,0.0
26.07497555695879,1.1164375871712031,1.8065123646559766,0.03419477027374773,0.09760125986742318,0.0
25.900400265392207,1.1164375871712031,1.8065123646559766,0.03419477027374773,0.09760125986742318,0.0
26.319982519775348,1.1164375871712031,1.8065123646559766,0.03419477027374773,0.09760125986742318,0.0
26.47741593036474,1.1164375871712031,1.8065123646559766,0.03419477027374773,0.09760125986742318,0.0
26.193182395523912,1.1164375871712031,1.8065123646559766,0.03419477027374773,0.09760125986742318,0.0
26.79844504150117,1.1164375871712031,1.8065123646559766,0.03419477027374773,0.09760125986742318,0.0
27.32979863816644,1.1164375871712031,1.8065123646559766,0.03419477027374773,0.09760125986742318,0.0
27.71464835133528,1.1164375871712031,1.8065123646559766,0.03419477027374773,0.09760125986742318,0.0
27.37425336109343,1.1164375871712031,1.8065123646559766,0.03419477027374773,0.09760125986742318,0.0
26.819897222590985,1.1164375871712031,1.8065123646559766,0.03419477027374773,0.09760125986742318,0.0
26.49832993256681,1.1164375871712031,1.8065123646559766,0.03419477027374773,0.09760125986742318,0.0
26.710880234999586,1.1164375871712031,1.8065123646559766,0.03419477027374773,0.09760125986742318,0.0
26.979432261790524,1.1164375871712031,1.8065123646559766,0.03419477027374773,0.09760125986742318,0.0
27.192941007410997,1.1164375871712031,1.8065123646559766,0.03419477027374773,0.09760125986742318,0.0
26.74449775370935,1.1164375871712031,1.8065123646559766,0.03419477027374773,0.09760125986742318,0.0
26.70090740796148,1.1164375871712031,1.8065123646559766,0.03419477027374773,0.09760125986742318,0.0
26.487364393292616,1.1164375871712031,1.8065123646559766,0.03419477027374773,0.09760125986742318,0.0
27.232329477289294,1.1164375871712031,1.8065123646559766,0.03419477027374773,0.09760125986742318,0.0
27.34968469150825,1.1164375871712031,1.8065123646559766,0.03419477027374773,0.09760125986742318,0.0
27.426282205689898,1.1164375871712031,1.8065123646559766,0.03419477027374773,0.09760125986742318,0.0
26.87657229787915,1.1164375871712031,1.8065123646559766,0.03419477027374773,0.09760125986742318,0.0
26.483491991505712,1.1164375871712031,1.8065123646559766,0.03419477027374773,0.09760125986742318,0.0
26.351056092963475,1.1164375871712031,1.8065123646559766,0.03419477027374773,0.09760125986742318,0.0
26.691036721376765,1.1164375871712031,1.8065123646559766,0.03419477027374773,0.09760125986742318,0.0
26.72677515939345,1.1164375871712031,1.8065123646559766,0.03419477027374773,0.09760125986742318,0.0
26.69801727185428,1.1164375871712031,1.8065123646559766,0.03419477027374773,0.09760125986742318,0.0
26.590439395302447,1.1164375871712031,1.8065123646559766,0.03419477027374773,0.09760125986742318,0.0
26.09751084149792,1.1164375871712031,1.8065123646559766,0.03419477027374773,0.09760125986742318,0.0
26.21109664684977,1.1164375871712031,1.8065123646559766,0.03419477027374773,0.09760125986742318,0.0
26.93941045490612,1.1164375871712031,1.8065123646559766,0.03419477027374773,0.09760125986742318,0.0
27.319203004741382,1.1164375871712031,1.8065123646559766,0.03419477027374773,0.09760125986742318,0.0
26.805651468496208,1.1164375871712031,1.8065123646559766,0.03419477027374773,0.09760125986742318,0.0
27.200299003379733,1.1164375871712031,1.8065123646559766,0.03419477027374773,0.09760125986742318,0.0
27.04735319094406,1.1164375871712031,1.8065123646559766,0.03419477027374773,0.09760125986742318,0.0
27.310648687600512,1.1164375871712031,1.8065123646559766,0.03419477027374773,0.09760125986742318,0.0
27.79785543087169,1.1164375871712031,1.8065123646559766,0.03419477027374773,0.09760125986742318,0.0
28.32691388610814,1.1164375871712031,1.8065123646559766,0.03419477027374773,0.09760125986742318,0.0
28.06921412153317,1.1164375871712031,1.8065123646559766,0.03419477027374773,0.09760125986742318,0.0
27.625501596769887,1.1164375871712031,1.8065123646559766,0.03419477027374773,0.09760125986742318,0.0
27.01686241621168,1.1164375871712031,1.8065123646559766,0.03419477027374773,0.09760125986742318,0.0
27.439004425345185,1.1164375871712031,1.8065123646559766,0.03419477027374773,0.09760125986742318,0.0
27.58794215253953,1.1164375871712031,1.8065123646559766,0.03419477027374773,0.09760125986742318,0.0
27.37372758547114,1.1164375871712031,1.8065123646559766,0.03419477027374773,0.09760125986742318,0.0
27.027495184631803,1.1164375871712031,1.8065123646559766,0.03419477027374773,0.09760125986742318,0.0
26.363750024811345,1.1164375871712031,1.8065123646559766,0.03419477027374773,0.09760125986742318,0.0
25.8041083943008,1.1164375871712031,1.8065123646559766,0.03419477027374773,0.09760125986742318,0.0
25.72323038831531,1.1164375871712031,1.8065123646559766,0.03419477027374773,0.09760125986742318,0.0
25.40819638277579,1.1164375871712031,1.8065123646559766,0.03419477027374773,0.09760125986742318,0.0
25.99621427268164,1.1164375871712031,1.8065123646559766,0.03419477027374773,0.09760125986742318,0.0
26.33362643504943,1.1164375871712031,1.8065123646559766,0.03419477027374773,0.09760125986742318,0.0
26.218038704777005,1.1164375871712031,1.8065123646559766,0.03419477027374773,0.09760125986742318,0.0
26.549987316880756,1.1164375871712031,1.8065123646559766,0.03419477027374773,0.09760125986742318,0.0
26.95423861733359,1.1164375871712031,1.8065123646559766,0.03419477027374773,0.09760125986742318,0.0
27.56944015470258,1.1164375871712031,1.8065123646559766,0.03419477027374773,0.09760125986742318,0.0
27.704185140236103,1.1164375871712031,1.8065123646559766,0.03419477027374773,0.09760125986742318,0.0
27.459156225943307,1.1164375871712031,1.8065123646559766,0.03419477027374773,0.09760125986742318,0.0
27.106259058376388,1.1164375871712031,1.8065123646559766,0.03419477027374773,0.09760125986742318,0.0
26.949167589098185,1.1164375871712031,1.8065123646559766,0.03419477027374773,0.09760125986742318,0.0
27.449621261258528,1.1164375871712031,1.8065123646559766,0.03419477027374773,0.09760125986742318,0.0
27.07146543638288,1.1164375871712031,1.8065123646559766,0.03419477027374773,0.09760125986742318,0.0
26.892127821269533,1.1164375871712031,1.8065123646559766,0.03419477027374773,0.09760125986742318,0.0
26.9757415263433,1.1164375871712031,1.8065123646559766,0.03419477027374773,0.09760125986742318,0.0
26.762493006731265,1.1164375871712031,1.8065123646559766,0.03419477027374773,0.09760125986742318,0.0
25.957297280334146,1.1164375871712031,1.8065123646559766,0.03419477027374773,0.09760125986742318,0.0
25.6590073487028,1.1164375871712031,1.8065123646559766,0.03419477027374773,0.09760125986742318,0.0
25.791180435189084,1.1164375871712031,1.8065123646559766,0.03419477027374773,0.09760125986742318,0.0
25.83810637652476,1.1164375871712031,1.8065123646559766,0.03419477027374773,0.09760125986742318,0.0
26.1648985640714,1.1164375871712031,1.8065123646559766,0.03419477027374773,0.09760125986742318,0.0
26.357732537278835,1.1164375871712031,1.8065123646559766,0.03419477027374773,0.09760125986742318,0.0
26.36486340933775,1.1164375871712031,1.8065123646559766,0.03419477027374773,0.09760125986742318,0.0
26.432214228247407,1.1164375871712031,1.8065123646559766,0.03419477027374773,0.09760125986742318,0.0
26.15495734923959,1.1164375871712031,1.8065123646559766,0.03419477027374773,0.09760125986742318,0.0
26.08878669001187,1.1164375871712031,1.8065123646559766,0.03419477027374773,0.09760125986742318,0.0
26.428946930424733,1.1164375871712031,1.8065123646559766,0.03419477027374773,0.09760125986742318,0.0
26.33585764359306,1.1164375871712031,1.8065123646559766,0.03419477027374773,0.09760125986742318,0.0
25.87614150130081,1.1164375871712031,1.8065123646559766,0.03419477027374773,0.09760125986742318,0.0
25.649291938813057,1.1164375871712031,1.8065123646559766,0.03419477027374773,0.09760125986742318,0.0
25.489654644460824,1.1164375871712031,1.8065123646559766,0.03419477027374773,0.09760125986742318,0.0
25.38818558384405,1.1164375871712031,1.8065123646559766,0.03419477027374773,0.09760125986742318,0.0
25.82760678501725,1.1164375871712031,1.8065123646559766,0.03419477027374773,0.09760125986742318,0.0
26.41362234010324,1.1164375871712031,1.8065123646559766,0.03419477027374773,0.09760125986742318,0.0
26.8999842087561,1.1164375871712031,1.8065123646559766,0.03419477027374773,0.09760125986742318,0.0
27.72886982457597,1.1164375871712031,1.8065123646559766,0.03419477027374773,0.09760125986742318,0.0
28.871781446056968,1.1164375871712031,1.8065123646559766,0.03419477027374773,0.09760125986742318,0.0
29.00967361506904,1.1164375871712031,1.8065123646559766,0.03419477027374773,0.09760125986742318,0.0
28.641816517288312,1.1164375871712031,1.8065123646559766,0.03419477027374773,0.09760125986742318,0.0
28.323811337678386,1.1164375871712031,1.8065123646559766,0.03419477027374773,0.09760125986742318,0.0
27.408058441439117,1.1164375871712031,1.8065123646559766,0.03419477027374773,0.09760125986742318,0.0
27.18489131206469,1.1164375871712031,1.8065123646559766,0.03419477027374773,0.09760125986742318,0.0
26.92520871436172,1.1164375871712031,1.8065123646559766,0.03419477027374773,0.09760125986742318,0.0
26.83792504616637,1.1164375871712031,1.8065123646559766,0.03419477027374773,0.09760125986742318,0.0
26.671400132595394,1.1164375871712031,1.8065123646559766,0.03419477027374773,0.09760125986742318,0.0
26.16478503224289,1.1164375871712031,1.8065123646559766,0.03419477027374773,0.09760125986742318,0.0
25.730440031755137,1.1164375871712031,1.8065123646559766,0.03419477027374773,0.09760125986742318,0.0
25.258404419635117,1.1164375871712031,1.8065123646559766,0.03419477027374773,0.09760125986742318,0.0
25.23719755269237,1.1164375871712031,1.8065123646559766,0.03419477027374773,0.09760125986742318,0.0
25.239363268488557,1.1164375871712031,1.8065123646559766,0.03419477027374773,0.09760125986742318,0.0
24.98731863309892,1.1164375871712031,1.8065123646559766,0.03419477027374773,0.09760125986742318,0.0
24.3024287120946,1.1164375871712031,1.8065123646559766,0.03419477027374773,0.09760125986742318,0.0
23.854634914466214,1.1164375871712031,1.8065123646559766,0.03419477027374773,0.09760125986742318,0.0
23.87466357018512,1.1164375871712031,1.8065123646559766,0.03419477027374773,0.09760125986742318,0.0
23.928385661469058,1.1164375871712031,1.8065123646559766,0.03419477027374773,0.09760125986742318,0.0
24.27675013809321,1.1164375871712031,1.8065123646559766,0.03419477027374773,0.09760125986742318,0.0
24.797122333518203,1.1164375871712031,1.8065123646559766,0.03419477027374773,0.09760125986742318,0.0
25.49514906845185,1.1164375871712031,1.8065123646559766,0.03419477027374773,0.09760125986742318,0.0
25.77607575125723,1.1164375871712031,1.8065123646559766,0.03419477027374773,0.09760125986742318,0.0
25.80645046097978,1.1164375871712031,1.8065123646559766,0.03419477027374773,0.09760125986742318,0.0
26.42880694611941,1.1164375871712031,1.8065123646559766,0.03419477027374773,0.09760125986742318,0.0
26.96287254244858,1.1164375871712031,1.8065123646559766,0.03419477027374773,0.09760125986742318,0.0
26.919225633681734,1.1164375871712031,1.8065123646559766,0.03419477027374773,0.09760125986742318,0.0
26.731206510680853,1.1164375871712031,1.8065123646559766,0.03419477027374773,0.09760125986742318,0.0
26.900197059023043,1.1164375871712031,1.8065123646559766,0.03419477027374773,0.09760125986742318,0.0
26.992964722098534,1.1164375871712031,1.8065123646559766,0.03419477027374773,0.09760125986742318,0.0
26.93005495770106,1.1164375871712031,1.8065123646559766,0.03419477027374773,0.09760125986742318,0.0
27.365504582421416,1.1164375871712031,1.8065123646559766,0.03419477027374773,0.09760125986742318,0.0
27.45404755853905,1.1164375871712031,1.8065123646559766,0.03419477027374773,0.09760125986742318,0.0
27.8730626469794,1.1164375871712031,1.8065123646559766,0.03419477027374773,0.09760125986742318,0.0
27.171854508525936,1.1164375871712031,1.8065123646559766,0.03419477027374773,0.09760125986742318,0.0
27.491921935990813,1.1164375871712031,1.8065123646559766,0.03419477027374773,0.09760125986742318,0.0
27.62880536491852,1.1164375871712031,1.8065123646559766,0.03419477027374773,0.09760125986742318,0.0
27.295972122008383,1.1164375871712031,1.8065123646559766,0.03419477027374773,0.09760125986742318,0.0
27.284267867217395,1.1164375871712031,1.8065123646559766,0.03419477027374773,0.09760125986742318,0.0
27.198625456354552,1.1164375871712031,1.8065123646559766,0.03419477027374773,0.09760125986742318,0.0
27.13198851658939,1.1164375871712031,1.8065123646559766,0.03419477027374773,0.09760125986742318,0.0
26.80316079864872,1.1164375871712031,1.8065123646559766,0.03419477027374773,0.09760125986742318,0.0
27.27093077639649,1.1164375871712031,1.8065123646559766,0.03419477027374773,0.09760125986742318,0.0
27.97341532363047,1.1164375871712031,1.8065123646559766,0.03419477027374773,0.09760125986742318,0.0
28.256147623592632,1.1164375871712031,1.8065123646559766,0.03419477027374773,0.09760125986742318,0.0
28.1709051360819,1.1164375871712031,1.8065123646559766,0.03419477027374773,0.09760125986742318,0.0
28.0623569360518,1.1164375871712031,1.8065123646559766,0.03419477027374773,0.09760125986742318,0.0
27.847087823927403,1.1164375871712031,1.8065123646559766,0.03419477027374773,0.09760125986742318,0.0
27.89958007908981,1.1164375871712031,1.8065123646559766,0.03419477027374773,0.09760125986742318,0.0
27.58203123890539,1.1164375871712031,1.8065123646559766,0.03419477027374773,0.09760125986742318,0.0
27.194639462003757,1.1164375871712031,1.8065123646559766,0.03419477027374773,0.09760125986742318,0.0
26.94674518849652,1.1164375871712031,1.8065123646559766,0.03419477027374773,0.09760125986742318,0.0
26.49039231605822,1.1164375871712031,1.8065123646559766,0.03419477027374773,0.09760125986742318,0.0
26.47734645416856,1.1164375871712031,1.8065123646559766,0.03419477027374773,0.09760125986742318,0.0
26.76865305068139,1.1164375871712031,1.8065123646559766,0.03419477027374773,0.09760125986742318,0.0
26.94804506247693,1.1164375871712031,1.8065123646559766,0.03419477027374773,0.09760125986742318,0.0
27.18683387750204,1.1164375871712031,1.8065123646559766,0.03419477027374773,0.09760125986742318,0.0
26.932816612956533,1.1164375871712031,1.8065123646559766,0.03419477027374773,0.09760125986742318,0.0
26.697435169402045,1.1164375871712031,1.8065123646559766,0.03419477027374773,0.09760125986742318,0.0
27.047131464123964,1.1164375871712031,1.8065123646559766,0.03419477027374773,0.09760125986742318,0.0
27.41674478559433,1.1164375871712031,1.8065123646559766,0.03419477027374773,0.09760125986742318,0.0
27.54291956074548,1.1164375871712031,1.8065123646559766,0.03419477027374773,0.09760125986742318,0.0
27.43034477806539,1.1164375871712031,1.8065123646559766,0.03419477027374773,0.09760125986742318,0.0
27.03138815945065,1.1164375871712031,1.8065123646559766,0.03419477027374773,0.09760125986742318,0.0
26.399702658162724,1.1164375871712031,1.8065123646559766,0.03419477027374773,0.09760125986742318,0.0
26.1837294592785,1.1164375871712031,1.8065123646559766,0.03419477027374773,0.09760125986742318,0.0
26.3472475847958,1.1164375871712031,1.8065123646559766,0.03419477027374773,0.09760125986742318,0.0
27.192991480847223,1.1164375871712031,1.8065123646559766,0.03419477027374773,0.09760125986742318,0.0
27.32172927753673,1.1164375871712031,1.8065123646559766,0.03419477027374773,0.09760125986742318,0.0
27.50348684837746,1.1164375871712031,1.8065123646559766,0.03419477027374773,0.09760125986742318,0.0
27.30653298046671,1.1164375871712031,1.8065123646559766,0.03419477027374773,0.09760125986742318,0.0
27.192960092611184,1.1164375871712031,1.8065123646559766,0.03419477027374773,0.09760125986742318,0.0
27.76290529239488,1.1164375871712031,1.8065123646559766,0.03419477027374773,0.09760125986742318,0.0
27.90384378899345,1.1164375871712031,1.8065123646559766,0.03419477027374773,0.09760125986742318,0.0
27.853531468728445,1.1164375871712031,1.8065123646559766,0.03419477027374773,0.09760125986742318,0.0
27.538493287304654,1.1164375871712031,1.8065123646559766,0.03419477027374773,0.09760125986742318,0.0
26.955750542655046,1.1164375871712031,1.8065123646559766,0.03419477027374773,0.09760125986742318,0.0
26.286346709232667,1.1164375871712031,1.8065123646559766,0.03419477027374773,0.09760125986742318,0.0
26.468382482790343,1.1164375871712031,1.8065123646559766,0.03419477027374773,0.09760125986742318,0.0
26.998952587990757,1.1164375871712031,1.8065123646559766,0.03419477027374773,0.09760125986742318,0.0
27.15155229105615,1.1164375871712031,1.8065123646559766,0.03419477027374773,0.09760125986742318,0.0
26.850905218293697,1.1164375871712031,1.8065123646559766,0.03419477027374773,0.09760125986742318,0.0
26.414663292270887,1.1164375871712031,1.8065123646559766,0.03419477027374773,0.09760125986742318,0.0
26.42738643765697,1.1164375871712031,1.8065123646559766,0.03419477027374773,0.09760125986742318,0.0
26.928858844012357,1.1164375871712031,1.8065123646559766,0.03419477027374773,0.09760125986742318,0.0
27.5707360912178,1.1164375871712031,1.8065123646559766,0.03419477027374773,0.09760125986742318,0.0
27.358259970748048,1.1164375871712031,1.8065123646559766,0.03419477027374773,0.09760125986742318,0.0
27.23154866332598,1.1164375871712031,1.8065123646559766,0.03419477027374773,0.09760125986742318,0.0
26.278105570657136,1.1164375871712031,1.8065123646559766,0.03419477027374773,0.09760125986742318,0.0
25.874334204413124,1.1164375871712031,1.8065123646559766,0.03419477027374773,0.09760125986742318,0.0
26.45235738979721,1.1164375871712031,1.8065123646559766,0.03419477027374773,0.09760125986742318,0.0
27.14905381425324,1.1164375871712031,1.8065123646559766,0.03419477027374773,0.09760125986742318,0.0
27.28193359640587,1.1164375871712031,1.8065123646559766,0.03419477027374773,0.09760125986742318,0.0
27.230080191935592,1.1164375871712031,1.8065123646559766,0.03419477027374773,0.09760125986742318,0.0
27.62036540174566,1.1164375871712031,1.8065123646559766,0.03419477027374773,0.09760125986742318,0.0
27.919397756458267,1.1164375871712031,1.8065123646559766,0.03419477027374773,0.09760125986742318,0.0
28.450422846479523,1.1164375871712031,1.8065123646559766,0.03419477027374773,0.09760125986742318,0.0
28.278916710534343,1.1164375871712031,1.8065123646559766,0.03419477027374773,0.09760125986742318,0.0
27.724184889724917,1.1164375871712031,1.8065123646559766,0.03419477027374773,0.09760125986742318,0.0
27.07678249429209,1.1164375871712031,1.8065123646559766,0.03419477027374773,0.09760125986742318,0.0
26.508855161035548,1.1164375871712031,1.8065123646559766,0.03419477027374773,0.09760125986742318,0.0
26.240681032795763,1.1164375871712031,1.8065123646559766,0.03419477027374773,0.09760125986742318,0.0
26.41915450835533,1.1164375871712031,1.8065123646559766,0.03419477027374773,0.09760125986742318,0.0
26.83994680687117,1.1164375871712031,1.8065123646559766,0.03419477027374773,0.09760125986742318,0.0
26.964918768590465,1.1164375871712031,1.8065123646559766,0.03419477027374773,0.09760125986742318,0.0
26.8731760196708,1.1164375871712031,1.8065123646559766,0.03419477027374773,0.09760125986742318,0.0
26.767880310012256,1.1164375871712031,1.8065123646559766,0.03419477027374773,0.09760125986742318,0.0
27.080959095904525,1.1164375871712031,1.8065123646559766,0.03419477027374773,0.09760125986742318,0.0
27.43631484671196,1.1164375871712031,1.8065123646559766,0.03419477027374773,0.09760125986742318,0.0
27.332737570515015,1.1164375871712031,1.8065123646559766,0.03419477027374773,0.09760125986742318,0.0
27.05290179506595,1.1164375871712031,1.8065123646559766,0.03419477027374773,0.09760125986742318,0.0
26.56783021151315,1.1164375871712031,1.8065123646559766,0.03419477027374773,0.09760125986742318,0.0
26.068844993464324,1.1164375871712031,1.8065123646559766,0.03419477027374773,0.09760125986742318,0.0
25.972229559690884,1.1164375871712031,1.8065123646559766,0.03419477027374773,0.09760125986742318,0.0
26.186764516975707,1.1164375871712031,1.8065123646559766,0.03419477027374773,0.09760125986742318,0.0
26.729107895200997,1.1164375871712031,1.8065123646559766,0.03419477027374773,0.09760125986742318,0.0
26.65754328291396,1.1164375871712031,1.8065123646559766,0.03419477027374773,0.09760125986742318,0.0
26.683564206233434,1.1164375871712031,1.8065123646559766,0.03419477027374773,0.09760125986742318,0.0
26.31515712589772,1.1164375871712031,1.8065123646559766,0.03419477027374773,0.09760125986742318,0.0
26.312341733928537,1.1164375871712031,1.8065123646559766,0.03419477027374773,0.09760125986742318,0.0
26.323935615369496,1.1164375871712031,1.8065123646559766,0.03419477027374773,0.09760125986742318,0.0
26.37675618129735,1.1164375871712031,1.8065123646559766,0.03419477027374773,0.09760125986742318,0.0
26.3929924892236,1.1164375871712031,1.8065123646559766,0.03419477027374773,0.09760125986742318,0.0
26.12010648707657,1.1164375871712031,1.8065123646559766,0.03419477027374773,0.09760125986742318,0.0
25.59966485361115,1.1164375871712031,1.8065123646559766,0.03419477027374773,0.09760125986742318,0.0
26.01615998257604,1.1164375871712031,1.8065123646559766,0.03419477027374773,0.09760125986742318,0.0
26.582767147024573,1.1164375871712031,1.8065123646559766,0.03419477027374773,0.09760125986742318,0.0
26.937355222580177,1.1164375871712031,1.8065123646559766,0.03419477027374773,0.09760125986742318,0.0
27.597106357231013,1.1164375871712031,1.8065123646559766,0.03419477027374773,0.09760125986742318,0.0
27.590946614683983,1.1164375871712031,1.8065123646559766,0.03419477027374773,0.09760125986742318,0.0
27.939983075909883,1.1164375871712031,1.8065123646559766,0.03419477027374773,0.09760125986742318,0.0
28.408085730009844,1.1164375871712031,1.8065123646559766,0.03419477027374773,0.09760125986742318,0.0
28.50643468461833,1.1164375871712031,1.8065123646559766,0.03419477027374773,0.09760125986742318,0.0
28.48025813224401,1.1164375871712031,1.8065123646559766,0.03419477027374773,0.09760125986742318,0.0
28.10685119037174,1.1164375871712031,1.8065123646559766,0.03419477027374773,0.09760125986742318,0.0
27.772475687479268,1.1164375871712031,1.8065123646559766,0.03419477027374773,0.09760125986742318,0.0
27.047299877100937,1.1164375871712031,1.8065123646559766,0.03419477027374773,0.09760125986742318,0.0
26.376660357048493,1.1164375871712031,1.8065123646559766,0.03419477027374773,0.09760125986742318,0.0
26.312934931191485,1.1164375871712031,1.8065123646559766,0.03419477027374773,0.09760125986742318,0.0
26.283349119368804,1.1164375871712031,1.8065123646559766,0.03419477027374773,0.09760125986742318,0.0
26.502467759058373,1.1164375871712031,1.8065123646559766,0.03419477027374773,0.09760125986742318,0.0
26.435124730223905,1.1164375871712031,1.8065123646559766,0.03419477027374773,0.09760125986742318,0.0
26.375435643484806,1.1164375871712031,1.8065123646559766,0.03419477027374773,0.09760125986742318,0.0
26.94667091977457,1.1164375871712031,1.8065123646559766,0.03419477027374773,0.09760125986742318,0.0
27.27365127013024,1.1164375871712031,1.8065123646559766,0.03419477027374773,0.09760125986742318,0.0
27.087060186434183,1.1164375871712031,1.8065123646559766,0.03419477027374773,0.09760125986742318,0.0
26.85352161727899,1.1164375871712031,1.8065123646559766,0.03419477027374773,0.09760125986742318,0.0
26.40277819245132,1.1164375871712031,1.8065123646559766,0.03419477027374773,0.09760125986742318,0.0
26.04604713332462,1.1164375871712031,1.8065123646559766,0.03419477027374773,0.09760125986742318,0.0
26.02090665182652,1.1164375871712031,1.8065123646559766,0.03419477027374773,0.09760125986742318,0.0
25.833726806357213,1.1164375871712031,1.8065123646559766,0.03419477027374773,0.09760125986742318,0.0
26.067470093695167,1.1164375871712031,1.8065123646559766,0.03419477027374773,0.09760125986742318,0.0
26.58659886155429,1.1164375871712031,1.8065123646559766,0.03419477027374773,0.09760125986742318,0.0
27.05021599722616,1.1164375871712031,1.8065123646559766,0.03419477027374773,0.09760125986742318,0.0
27.08050406414365,1.1164375871712031,1.8065123646559766,0.03419477027374773,0.09760125986742318,0.0
27.47884275788657,1.1164375871712031,1.8065123646559766,0.03419477027374773,0.09760125986742318,0.0
27.673480119043045,1.1164375871712031,1.8065123646559766,0.03419477027374773,0.09760125986742318,0.0
27.412054553452027,1.1164375871712031,1.8065123646559766,0.03419477027374773,0.09760125986742318,0.0
26.94071301685664,1.1164375871712031,1.8065123646559766,0.03419477027374773,0.09760125986742318,0.0
26.525873545684814,1.1164375871712031,1.8065123646559766,0.03419477027374773,0.09760125986742318,0.0
25.70968581242681,1.1164375871712031,1.8065123646559766,0.03419477027374773,0.09760125986742318,0.0
25.0522445300608,1.1164375871712031,1.8065123646559766,0.03419477027374773,0.09760125986742318,0.0
25.28251204857669,1.1164375871712031,1.8065123646559766,0.03419477027374773,0.09760125986742318,0.0
25.7313866923185,1.1164375871712031,1.8065123646559766,0.03419477027374773,0.09760125986742318,0.0
26.417277717479703,1.1164375871712031,1.8065123646559766,0.03419477027374773,0.09760125986742318,0.0
26.57536329486032,1.1164375871712031,1.8065123646559766,0.03419477027374773,0.09760125986742318,0.0
26.497955892110184,1.1164375871712031,1.8065123646559766,0.03419477027374773,0.09760125986742318,0.0
26.341900591441767,1.1164375871712031,1.8065123646559766,0.03419477027374773,0.09760125986742318,0.0
26.48645227366455,1.1164375871712031,1.8065123646559766,0.03419477027374773,0.09760125986742318,0.0
26.97785990782511,1.1164375871712031,1.8065123646559766,0.03419477027374773,0.09760125986742318,0.0
26.70954300082785,1.1164375871712031,1.8065123646559766,0.03419477027374773,0.09760125986742318,0.0
26.14805316796118,1.1164375871712031,1.8065123646559766,0.03419477027374773,0.09760125986742318,0.0
25.99547521339019,1.1164375871712031,1.8065123646559766,0.03419477027374773,0.09760125986742318,0.0
25.7481374863876,1.1164375871712031,1.8065123646559766,0.03419477027374773,0.09760125986742318,0.0
26.02946594908362,1.1164375871712031,1.8065123646559766,0.03419477027374773,0.09760125986742318,0.0
26.12458384366964,1.1164375871712031,1.8065123646559766,0.03419477027374773,0.09760125986742318,0.0
26.88348484868293,1.1164375871712031,1.8065123646559766,0.03419477027374773,0.09760125986742318,0.0
27.236166504720348,1.1164375871712031,1.8065123646559766,0.03419477027374773,0.09760125986742318,0.0
27.18958376829588,1.1164375871712031,1.8065123646559766,0.03419477027374773,0.09760125986742318,0.0
27.013588017169024,1.1164375871712031,1.8065123646559766,0.03419477027374773,0.09760125986742318,0.0
27.28708280472617,1.1164375871712031,1.8065123646559766,0.03419477027374773,0.09760125986742318,0.0
27.800805092531636,1.1164375871712031,1.8065123646559766,0.03419477027374773,0.09760125986742318,0.0
27.6721149331629,1.1164375871712031,1.8065123646559766,0.03419477027374773,0.09760125986742318,0.0
26.72692114720919,1.1164375871712031,1.8065123646559766,0.03419477027374773,0.09760125986742318,0.0
26.50015915784723,1.1164375871712031,1.8065123646559766,0.03419477027374773,0.09760125986742318,0.0
26.680005133609303,1.1164375871712031,1.8065123646559766,0.03419477027374773,0.09760125986742318,0.0
26.45070797377223,1.1164375871712031,1.8065123646559766,0.03419477027374773,0.09760125986742318,0.0
26.84789443176812,1.1164375871712031,1.8065123646559766,0.03419477027374773,0.09760125986742318,0.0
27.44417030088553,1.1164375871712031,1.8065123646559766,0.03419477027374773,0.09760125986742318,0.0
27.29674325126649,1.1164375871712031,1.8065123646559766,0.03419477027374773,0.09760125986742318,0.0
27.085864117667462,1.1164375871712031,1.8065123646559766,0.03419477027374773,0.09760125986742318,0.0
27.11031973651924,1.1164375871712031,1.8065123646559766,0.03419477027374773,0.09760125986742318,0.0
26.959876385948053,1.1164375871712031,1.8065123646559766,0.03419477027374773,0.09760125986742318,0.0
27.062213815062133,1.1164375871712031,1.8065123646559766,0.03419477027374773,0.09760125986742318,0.0
27.066174843613663,1.1164375871712031,1.8065123646559766,0.03419477027374773,0.09760125986742318,0.0
26.1064698447,1.1164375871712031,1.8065123646559766,0.03419477027374773,0.09760125986742318,0.0
25.12916211679824,1.1164375871712031,1.8065123646559766,0.03419477027374773,0.09760125986742318,0.0
24.433558501079883,1.1164375871712031,1.8065123646559766,0.03419477027374773,0.09760125986742318,0.0
24.87088760857445,1.1164375871712031,1.8065123646559766,0.03419477027374773,0.09760125986742318,0.0
25.225131584432248,1.1164375871712031,1.8065123646559766,0.03419477027374773,0.09760125986742318,0.0
25.4032519917775,1.1164375871712031,1.8065123646559766,0.03419477027374773,0.09760125986742318,0.0
25.453681720654902,1.1164375871712031,1.8065123646559766,0.03419477027374773,0.09760125986742318,0.0
25.395023532623245,1.1164375871712031,1.8065123646559766,0.03419477027374773,0.09760125986742318,0.0
26.057428747383884,1.1164375871712031,1.8065123646559766,0.03419477027374773,0.09760125986742318,0.0
26.807281648415767,1.1164375871712031,1.8065123646559766,0.03419477027374773,0.09760125986742318,0.0
26.930092398358557,1.1164375871712031,1.8065123646559766,0.03419477027374773,0.09760125986742318,0.0
27.351925298236026,1.1164375871712031,1.8065123646559766,0.03419477027374773,0.09760125986742318,0.0
26.88875646427997,1.1164375871712031,1.8065123646559766,0.03419477027374773,0.09760125986742318,0.0
26.69375867546568,1.1164375871712031,1.8065123646559766,0.03419477027374773,0.09760125986742318,0.0
26.675328092197752,1.1164375871712031,1.8065123646559766,0.03419477027374773,0.09760125986742318,0.0
27.267206712366598,1.1164375871712031,1.8065123646559766,0.03419477027374773,0.09760125986742318,0.0
28.039788343823822,1.1164375871712031,1.8065123646559766,0.03419477027374773,0.09760125986742318,0.0
28.373442095115728,1.1164375871712031,1.8065123646559766,0.03419477027374773,0.09760125986742318,0.0
28.614840653046837,1.1164375871712031,1.8065123646559766,0.03419477027374773,0.09760125986742318,0.0
28.68499738665501,1.1164375871712031,1.8065123646559766,0.03419477027374773,0.09760125986742318,0.0
28.41552359797115,1.1164375871712031,1.8065123646559766,0.03419477027374773,0.09760125986742318,0.0
28.35903386081665,1.1164375871712031,1.8065123646559766,0.03419477027374773,0.09760125986742318,0.0
28.24823593875724,1.1164375871712031,1.8065123646559766,0.03419477027374773,0.09760125986742318,0.0
27.81176824383616,1.1164375871712031,1.8065123646559766,0.03419477027374773,0.09760125986742318,0.0
27.321656892352127,1.1164375871712031,1.8065123646559766,0.03419477027374773,0.09760125986742318,0.0
26.81216103951852,1.1164375871712031,1.8065123646559766,0.03419477027374773,0.09760125986742318,0.0
26.345405470660708,1.1164375871712031,1.8065123646559766,0.03419477027374773,0.09760125986742318,0.0
26.756262212738548,1.1164375871712031,1.8065123646559766,0.03419477027374773,0.09760125986742318,0.0
27.375686022533,1.1164375871712031,1.8065123646559766,0.03419477027374773,0.09760125986742318,0.0
27.627177133076074,1.1164375871712031,1.8065123646559766,0.03419477027374773,0.09760125986742318,0.0
27.061507854608948,1.1164375871712031,1.8065123646559766,0.03419477027374773,0.09760125986742318,0.0
26.957147829635847,1.1164375871712031,1.8065123646559766,0.03419477027374773,0.09760125986742318,0.0
26.673236811809744,1.1164375871712031,1.8065123646559766,0.03419477027374773,0.09760125986742318,0.0
26.74850087778009,1.1164375871712031,1.8065123646559766,0.03419477027374773,0.09760125986742318,0.0
26.37510778584117,1.1164375871712031,1.8065123646559766,0.03419477027374773,0.09760125986742318,0.0
25.797255648711054,1.1164375871712031,1.8065123646559766,0.03419477027374773,0.09760125986742318,0.0
25.103203936800668,1.1164375871712031,1.8065123646559766,0.03419477027374773,0.09760125986742318,0.0
24.597538971156272,1.1164375871712031,1.8065123646559766,0.03419477027374773,0.09760125986742318,0.0
24.827272951167632,1.1164375871712031,1.8065123646559766,0.03419477027374773,0.09760125986742318,0.0
25.11391771030541,1.1164375871712031,1.8065123646559766,0.03419477027374773,0.09760125986742318,0.0
25.28063443727121,1.1164375871712031,1.8065123646559766,0.03419477027374773,0.09760125986742318,0.0
25.541390655868497,1.1164375871712031,1.8065123646559766,0.03419477027374773,0.09760125986742318,0.0
25.346904983803373,1.1164375871712031,1.8065123646559766,0.03419477027374773,0.09760125986742318,0.0
25.702356608438524,1.1164375871712031,1.8065123646559766,0.03419477027374773,0.09760125986742318,0.0
26.299689535752226,1.1164375871712031,1.8065123646559766,0.03419477027374773,0.09760125986742318,0.0
26.805660872080875,1.1164375871712031,1.8065123646559766,0.03419477027374773,0.09760125986742318,0.0
26.432454191099684,1.1164375871712031,1.8065123646559766,0.03419477027374773,0.09760125986742318,0.0
25.443973379755857,1.1164375871712031,1.8065123646559766,0.03419477027374773,0.09760125986742318,0.0
24.81182069151491,1.1164375871712031,1.8065123646559766,0.03419477027374773,0.09760125986742318,0.0
24.495188393930366,1.1164375871712031,1.8065123646559766,0.03419477027374773,0.09760125986742318,0.0
24.52218819564512,1.1164375871712031,1.8065123646559766,0.03419477027374773,0.09760125986742318,0.0
25.51077717954216,1.1164375871712031,1.8065123646559766,0.03419477027374773,0.09760125986742318,0.0
26.376270659947608,1.1164375871712031,1.8065123646559766,0.03419477027374773,0.09760125986742318,0.0
26.884129701636827,1.1164375871712031,1.8065123646559766,0.03419477027374773,0.09760125986742318,0.0
26.82673567760595,1.1164375871712031,1.8065123646559766,0.03419477027374773,0.09760125986742318,0.0
26.72616905101478,1.1164375871712031,1.8065123646559766,0.03419477027374773,0.09760125986742318,0.0
27.165442312764903,1.1164375871712031,1.8065123646559766,0.03419477027374773,0.09760125986742318,0.0
28.06929170487973,1.1164375871712031,1.8065123646559766,0.03419477027374773,0.09760125986742318,0.0
27.857918623767283,1.1164375871712031,1.8065123646559766,0.03419477027374773,0.09760125986742318,0.0
27.627933176330643,1.1164375871712031,1.8065123646559766,0.03419477027374773,0.09760125986742318,0.0
27.26054513353088,1.1164375871712031,1.8065123646559766,0.03419477027374773,0.09760125986742318,0.0
26.56474367444471,1.1164375871712031,1.8065123646559766,0.03419477027374773,0.09760125986742318,0.0
26.46792005704981,1.1164375871712031,1.8065123646559766,0.03419477027374773,0.09760125986742318,0.0
27.255930317243617,1.1164375871712031,1.8065123646559766,0.03419477027374773,0.09760125986742318,0.0
27.57600310612,1.1164375871712031,1.8065123646559766,0.03419477027374773,0.09760125986742318,0.0
27.2847318494386,1.1164375871712031,1.8065123646559766,0.03419477027374773,0.09760125986742318,0.0
26.945798884891875,1.1164375871712031,1.8065123646559766,0.03419477027374773,0.09760125986742318,0.0
27.202111974246822,1.1164375871712031,1.8065123646559766,0.03419477027374773,0.09760125986742318,0.0
27.18219489410941,1.1164375871712031,1.8065123646559766,0.03419477027374773,0.09760125986742318,0.0
27.14073064220912,1.1164375871712031,1.8065123646559766,0.03419477027374773,0.09760125986742318,0.0
27.284046653401305,1.1164375871712031,1.8065123646559766,0.03419477027374773,0.09760125986742318,0.0
26.65704937784172,1.1164375871712031,1.8065123646559766,0.03419477027374773,0.09760125986742318,0.0
26.26988342788045,1.1164375871712031,1.8065123646559766,0.03419477027374773,0.09760125986742318,0.0
25.599350726702237,1.1164375871712031,1.8065123646559766,0.03419477027374773,0.09760125986742318,0.0
25.68768755756953,1.1164375871712031,1.8065123646559766,0.03419477027374773,0.09760125986742318,0.0
26.05131288576158,1.1164375871712031,1.8065123646559766,0.03419477027374773,0.09760125986742318,0.0
26.75112544777728,1.1164375871712031,1.8065123646559766,0.03419477027374773,0.09760125986742318,0.0
27.256459515036195,1.1164375871712031,1.8065123646559766,0.03419477027374773,0.09760125986742318,0.0
27.87243682522583,1.1164375871712031,1.8065123646559766,0.03419477027374773,0.09760125986742318,0.0
28.00213300893257,1.1164375871712031,1.8065123646559766,0.03419477027374773,0.09760125986742318,0.0
28.61054263888545,1.1164375871712031,1.8065123646559766,0.03419477027374773,0.09760125986742318,0.0
28.81925294404228,1.1164375871712031,1.8065123646559766,0.03419477027374773,0.09760125986742318,0.0
28.63821935560794,1.1164375871712031,1.8065123646559766,0.03419477027374773,0.09760125986742318,0.0
27.811099106109687,1.1164375871712031,1.8065123646559766,0.03419477027374773,0.09760125986742318,0.0
26.986140117338014,1.1164375871712031,1.8065123646559766,0.03419477027374773,0.09760125986742318,0.0
26.34749851664781,1.1164375871712031,1.8065123646559766,0.03419477027374773,0.09760125986742318,0.0
25.77671310045135,1.1164375871712031,1.8065123646559766,0.03419477027374773,0.09760125986742318,0.0
26.044759773727524,1.1164375871712031,1.8065123646559766,0.03419477027374773,0.09760125986742318,0.0
26.4635085271201,1.1164375871712031,1.8065123646559766,0.03419477027374773,0.09760125986742318,0.0
26.487868602413656,1.1164375871712031,1.8065123646559766,0.03419477027374773,0.09760125986742318,0.0
26.63510608529376,1.1164375871712031,1.8065123646559766,0.03419477027374773,0.09760125986742318,0.0
27.04941493276622,1.1164375871712031,1.8065123646559766,0.03419477027374773,0.09760125986742318,0.0
27.67463984594589,1.1164375871712031,1.8065123646559766,0.03419477027374773,0.09760125986742318,0.0
27.651602826508007,1.1164375871712031,1.8065123646559766,0.03419477027374773,0.09760125986742318,0.0
27.824084059673257,1.1164375871712031,1.8065123646559766,0.03419477027374773,0.09760125986742318,0.0
27.168892016294127,1.1164375871712031,1.8065123646559766,0.03419477027374773,0.09760125986742318,0.0
26.648256540774383,1.1164375871712031,1.8065123646559766,0.03419477027374773,0.09760125986742318,0.0
26.635025959390557,1.1164375871712031,1.8065123646559766,0.03419477027374773,0.09760125986742318,0.0
26.760253898988548,1.1164375871712031,1.8065123646559766,0.03419477027374773,0.09760125986742318,0.0
27.01924675928007,1.1164375871712031,1.8065123646559766,0.03419477027374773,0.09760125986742318,0.0
27.06792444587889,1.1164375871712031,1.8065123646559766,0.03419477027374773,0.09760125986742318,0.0
26.96178540524144,1.1164375871712031,1.8065123646559766,0.03419477027374773,0.09760125986742318,0.0
26.742802741138416,1.1164375871712031,1.8065123646559766,0.03419477027374773,0.09760125986742318,0.0
26.437293498007502,1.1164375871712031,1.8065123646559766,0.03419477027374773,0.09760125986742318,0.0
26.368513087638675,1.1164375871712031,1.8065123646559766,0.03419477027374773,0.09760125986742318,0.0
26.78407779659717,1.1164375871712031,1.8065123646559766,0.03419477027374773,0.09760125986742318,0.0
26.813893110710826,1.1164375871712031,1.8065123646559766,0.03419477027374773,0.09760125986742318,0.0
26.03283091022309,1.1164375871712031,1.8065123646559766,0.03419477027374773,0.09760125986742318,0.0
25.13116383065085,1.1164375871712031,1.8065123646559766,0.03419477027374773,0.09760125986742318,0.0
24.63547767963214,1.1164375871712031,1.8065123646559766,0.03419477027374773,0.09760125986742318,0.0
24.995737427570123,1.1164375871712031,1.8065123646559766,0.03419477027374773,0.09760125986742318,0.0
25.55243007224665,1.1164375871712031,1.8065123646559766,0.03419477027374773,0.09760125986742318,0.0
26.270036640764484,1.1164375871712031,1.8065123646559766,0.03419477027374773,0.09760125986742318,0.0
26.987405571581764,1.1164375871712031,1.8065123646559766,0.03419477027374773,0.09760125986742318,0.0
27.64847687541479,1.1164375871712031,1.8065123646559766,0.03419477027374773,0.09760125986742318,0.0
27.732648208251167,1.1164375871712031,1.8065123646559766,0.03419477027374773,0.09760125986742318,0.0
28.125227250814724,1.1164375871712031,1.8065123646559766,0.03419477027374773,0.09760125986742318,0.0
28.33640948263193,1.1164375871712031,1.8065123646559766,0.03419477027374773,0.09760125986742318,0.0
28.273133540823014,1.1164375871712031,1.8065123646559766,0.03419477027374773,0.09760125986742318,0.0
28.129877183973697,1.1164375871712031,1.8065123646559766,0.03419477027374773,0.09760125986742318,0.0
27.21701976650966,1.1164375871712031,1.8065123646559766,0.03419477027374773,0.09760125986742318,0.0
26.201873466470357,1.1164375871712031,1.8065123646559766,0.03419477027374773,0.09760125986742318,0.0
26.46373901697992,1.1164375871712031,1.8065123646559766,0.03419477027374773,0.09760125986742318,0.0
27.08193938481889,1.1164375871712031,1.8065123646559766,0.03419477027374773,0.09760125986742318,0.0
27.78556990892028,1.1164375871712031,1.8065123646559766,0.03419477027374773,0.09760125986742318,0.0
28.04899133739685,1.1164375871712031,1.8065123646559766,0.03419477027374773,0.09760125986742318,0.0
28.106424237009545,1.1164375871712031,1.8065123646559766,0.03419477027374773,0.09760125986742318,0.0
28.344641011979046,1.1164375871712031,1.8065123646559766,0.03419477027374773,0.09760125986742318,0.0
28.291928934698937,1.1164375871712031,1.8065123646559766,0.03419477027374773,0.09760125986742318,0.0
28.052934664850188,1.1164375871712031,1.8065123646559766,0.03419477027374773,0.09760125986742318,0.0
27.55423587219641,1.1164375871712031,1.8065123646559766,0.03419477027374773,0.09760125986742318,0.0
27.0578974646944,1.1164375871712031,1.8065123646559766,0.03419477027374773,0.09760125986742318,0.0
26.829926378422854,1.1164375871712031,1.8065123646559766,0.03419477027374773,0.09760125986742318,0.0
26.16560476493448,1.1164375871712031,1.8065123646559766,0.03419477027374773,0.09760125986742318,0.0
25.822117526646664,1.1164375871712031,1.8065123646559766,0.03419477027374773,0.09760125986742318,0.0
25.805229075013035,1.1164375871712031,1.8065123646559766,0.03419477027374773,0.09760125986742318,0.0
26.12061469953976,1.1164375871712031,1.8065123646559766,0.03419477027374773,0.09760125986742318,0.0
26.09153954223624,1.1164375871712031,1.8065123646559766,0.03419477027374773,0.09760125986742318,0.0
25.896789236028344,1.1164375871712031,1.8065123646559766,0.03419477027374773,0.09760125986742318,0.0
26.042872363390583,1.1164375871712031,1.8065123646559766,0.03419477027374773,0.09760125986742318,0.0
26.3678931915987,1.1164375871712031,1.8065123646559766,0.03419477027374773,0.09760125986742318,0.0
27.05379873615408,1.1164375871712031,1.8065123646559766,0.03419477027374773,0.09760125986742318,0.0
27.086665191620074,1.1164375871712031,1.8065123646559766,0.03419477027374773,0.09760125986742318,0.0
26.84360807940991,1.1164375871712031,1.8065123646559766,0.03419477027374773,0.09760125986742318,0.0
26.218553379818918,1.1164375871712031,1.8065123646559766,0.03419477027374773,0.09760125986742318,0.0
25.390356383129205,1.1164375871712031,1.8065123646559766,0.03419477027374773,0.09760125986742318,0.0
25.9302044885559,1.1164375871712031,1.8065123646559766,0.03419477027374773,0.09760125986742318,0.0
26.49930287342831,1.1164375871712031,1.8065123646559766,0.03419477027374773,0.09760125986742318,0.0
26.6376074458814,1.1164375871712031,1.8065123646559766,0.03419477027374773,0.09760125986742318,0.0
26.76891997259096,1.1164375871712031,1.8065123646559766,0.03419477027374773,0.09760125986742318,0.0
27.021444421889772,1.1164375871712031,1.8065123646559766,0.03419477027374773,0.09760125986742318,0.0
26.90495271241964,1.1164375871712031,1.8065123646559766,0.03419477027374773,0.09760125986742318,0.0
27.12331813059202,1.1164375871712031,1.8065123646559766,0.03419477027374773,0.09760125986742318,0.0
27.075025648428912,1.1164375871712031,1.8065123646559766,0.03419477027374773,0.09760125986742318,0.0
26.938895775959605,1.1164375871712031,1.8065123646559766,0.03419477027374773,0.09760125986742318,0.0
26.24855718667656,1.1164375871712031,1.8065123646559766,0.03419477027374773,0.09760125986742318,0.0
26.262668110707807,1.1164375871712031,1.8065123646559766,0.03419477027374773,0.09760125986742318,0.0
26.12097175485246,1.1164375871712031,1.8065123646559766,0.03419477027374773,0.09760125986742318,0.0
26.365482098368886,1.1164375871712031,1.8065123646559766,0.03419477027374773,0.09760125986742318,0.0
27.032230758034217,1.1164375871712031,1.8065123646559766,0.03419477027374773,0.09760125986742318,0.0
27.44912175978583,1.1164375871712031,1.8065123646559766,0.03419477027374773,0.09760125986742318,0.0
27.817829401688645,1.1164375871712031,1.8065123646559766,0.03419477027374773,0.09760125986742318,0.0
27.997936122499524,1.1164375871712031,1.8065123646559766,0.03419477027374773,0.09760125986742318,0.0
28.225828244045523,1.1164375871712031,1.8065123646559766,0.03419477027374773,0.09760125986742318,0.0
28.38012094805184,1.1164375871712031,1.8065123646559766,0.03419477027374773,0.09760125986742318,0.0
28.75523407433281,1.1164375871712031,1.8065123646559766,0.03419477027374773,0.09760125986742318,0.0
28.05320499656488,1.1164375871712031,1.8065123646559766,0.03419477027374773,0.09760125986742318,0.0
27.73583586029089,1.1164375871712031,1.8065123646559766,0.03419477027374773,0.09760125986742318,0.0
27.31752973894032,1.1164375871712031,1.8065123646559766,0.03419477027374773,0.09760125986742318,0.0
27.119001516706195,1.1164375871712031,1.8065123646559766,0.03419477027374773,0.09760125986742318,0.0
26.74938431500724,1.1164375871712031,1.8065123646559766,0.03419477027374773,0.09760125986742318,0.0
26.55392659239595,1.1164375871712031,1.8065123646559766,0.03419477027374773,0.09760125986742318,0.0
26.903615388810287,1.1164375871712031,1.8065123646559766,0.03419477027374773,0.09760125986742318,0.0
27.389279156328264,1.1164375871712031,1.8065123646559766,0.03419477027374773,0.09760125986742318,0.0
27.29760226421993,1.1164375871712031,1.8065123646559766,0.03419477027374773,0.09760125986742318,0.0
27.197695310735,1.1164375871712031,1.8065123646559766,0.03419477027374773,0.09760125986742318,0.0
27.02188916738837,1.1164375871712031,1.8065123646559766,0.03419477027374773,0.09760125986742318,0.0
26.887477636024418,1.1164375871712031,1.8065123646559766,0.03419477027374773,0.09760125986742318,0.0
26.268566419696825,1.1164375871712031,1.8065123646559766,0.03419477027374773,0.09760125986742318,0.0
25.770095827501613,1.1164375871712031,1.8065123646559766,0.03419477027374773,0.09760125986742318,0.0
25.28233369344275,1.1164375871712031,1.8065123646559766,0.03419477027374773,0.09760125986742318,0.0
25.16066849808977,1.1164375871712031,1.8065123646559766,0.03419477027374773,0.09760125986742318,0.0
25.320827774504227,1.1164375871712031,1.8065123646559766,0.03419477027374773,0.09760125986742318,0.0
26.264472848280946,1.1164375871712031,1.8065123646559766,0.03419477027374773,0.09760125986742318,0.0
26.56905946289426,1.1164375871712031,1.8065123646559766,0.03419477027374773,0.09760125986742318,0.0
26.655403309625488,1.1164375871712031,1.8065123646559766,0.03419477027374773,0.09760125986742318,0.0
27.43038205284755,1.1164375871712031,1.8065123646559766,0.03419477027374773,0.09760125986742318,0.0
27.595972863353676,1.1164375871712031,1.8065123646559766,0.03419477027374773,0.09760125986742318,0.0
28.01187401016512,1.1164375871712031,1.8065123646559766,0.03419477027374773,0.09760125986742318,0.0
28.490610800332192,1.1164375871712031,1.8065123646559766,0.03419477027374773,0.09760125986742318,0.0
28.30913283572358,1.1164375871712031,1.8065123646559766,0.03419477027374773,0.09760125986742318,0.0
28.143071483728217,1.1164375871712031,1.8065123646559766,0.03419477027374773,0.09760125986742318,0.0
27.536986374529285,1.1164375871712031,1.8065123646559766,0.03419477027374773,0.09760125986742318,0.0
27.137975436956665,1.1164375871712031,1.8065123646559766,0.03419477027374773,0.09760125986742318,0.0
27.030347479737824,1.1164375871712031,1.8065123646559766,0.03419477027374773,0.09760125986742318,0.0
27.043868230687703,1.1164375871712031,1.8065123646559766,0.03419477027374773,0.09760125986742318,0.0
27.162485785241238,1.1164375871712031,1.8065123646559766,0.03419477027374773,0.09760125986742318,0.0
27.76408174898848,1.1164375871712031,1.8065123646559766,0.03419477027374773,0.09760125986742318,0.0
28.26523224241632,1.1164375871712031,1.8065123646559766,0.03419477027374773,0.09760125986742318,0.0
28.638823622277027,1.1164375871712031,1.8065123646559766,0.03419477027374773,0.09760125986742318,0.0
28.776600627320395,1.1164375871712031,1.8065123646559766,0.03419477027374773,0.09760125986742318,0.0
28.67730252049373,1.1164375871712031,1.8065123646559766,0.03419477027374773,0.09760125986742318,0.0
28.690410241635703,1.1164375871712031,1.8065123646559766,0.03419477027374773,0.09760125986742318,0.0
28.01997639377372,1.1164375871712031,1.8065123646559766,0.03419477027374773,0.09760125986742318,0.0
27.051430663685853,1.1164375871712031,1.8065123646559766,0.03419477027374773,0.09760125986742318,0.0
26.09262823734112,1.1164375871712031,1.8065123646559766,0.03419477027374773,0.09760125986742318,0.0
25.66087219447144,1.1164375871712031,1.8065123646559766,0.03419477027374773,0.09760125986742318,0.0
26.093375877375653,1.1164375871712031,1.8065123646559766,0.03419477027374773,0.09760125986742318,0.0
26.11771825029427,1.1164375871712031,1.8065123646559766,0.03419477027374773,0.09760125986742318,0.0
26.08791559244841,1.1164375871712031,1.8065123646559766,0.03419477027374773,0.09760125986742318,0.0
26.242535678393686,1.1164375871712031,1.8065123646559766,0.03419477027374773,0.09760125986742318,0.0
26.33351912153733,1.1164375871712031,1.8065123646559766,0.03419477027374773,0.09760125986742318,0.0
26.82013379154809,1.1164375871712031,1.8065123646559766,0.03419477027374773,0.09760125986742318,0.0
26.59611439628656,1.1164375871712031,1.8065123646559766,0.03419477027374773,0.09760125986742318,0.0
26.409497850028867,1.1164375871712031,1.8065123646559766,0.03419477027374773,0.09760125986742318,0.0
25.49813130652655,1.1164375871712031,1.8065123646559766,0.03419477027374773,0.09760125986742318,0.0
24.637697079134263,1.1164375871712031,1.8065123646559766,0.03419477027374773,0.09760125986742318,0.0
24.20935127905439,1.1164375871712031,1.8065123646559766,0.03419477027374773,0.09760125986742318,0.0
24.33890679192359,1.1164375871712031,1.8065123646559766,0.03419477027374773,0.09760125986742318,0.0
25.199036791720367,1.1164375871712031,1.8065123646559766,0.03419477027374773,0.09760125986742318,0.0
26.07434588065387,1.1164375871712031,1.8065123646559766,0.03419477027374773,0.09760125986742318,0.0
26.519829137750285,1.1164375871712031,1.8065123646559766,0.03419477027374773,0.09760125986742318,0.0
26.514778529533903,1.1164375871712031,1.8065123646559766,0.03419477027374773,0.09760125986742318,0.0
26.488887771356108,1.1164375871712031,1.8065123646559766,0.03419477027374773,0.09760125986742318,0.0
26.356607140617317,1.1164375871712031,1.8065123646559766,0.03419477027374773,0.09760125986742318,0.0
26.4255010429128,1.1164375871712031,1.8065123646559766,0.03419477027374773,0.09760125986742318,0.0
26.37399432663724,1.1164375871712031,1.8065123646559766,0.03419477027374773,0.09760125986742318,0.0
26.376336015990315,1.1164375871712031,1.8065123646559766,0.03419477027374773,0.09760125986742318,0.0
26.55424944821333,1.1164375871712031,1.8065123646559766,0.03419477027374773,0.09760125986742318,0.0
26.162869395591507,1.1164375871712031,1.8065123646559766,0.03419477027374773,0.09760125986742318,0.0
25.97482480906579,1.1164375871712031,1.8065123646559766,0.03419477027374773,0.09760125986742318,0.0
27.086244389578106,1.1164375871712031,1.8065123646559766,0.03419477027374773,0.09760125986742318,0.0
27.54456214238046,1.1164375871712031,1.8065123646559766,0.03419477027374773,0.09760125986742318,0.0
28.601518198845888,1.1164375871712031,1.8065123646559766,0.03419477027374773,0.09760125986742318,0.0
29.112872757811807,1.1164375871712031,1.8065123646559766,0.03419477027374773,0.09760125986742318,0.0
29.41761397812006,1.1164375871712031,1.8065123646559766,0.03419477027374773,0.09760125986742318,0.0
29.050844209268025,1.1164375871712031,1.8065123646559766,0.03419477027374773,0.09760125986742318,0.0
29.13536939223426,1.1164375871712031,1.8065123646559766,0.03419477027374773,0.09760125986742318,0.0
29.007767956499745,1.1164375871712031,1.8065123646559766,0.03419477027374773,0.09760125986742318,0.0
28.18314514841344,1.1164375871712031,1.8065123646559766,0.03419477027374773,0.09760125986742318,0.0
27.58499996864473,1.1164375871712031,1.8065123646559766,0.03419477027374773,0.09760125986742318,0.0
27.485970046606152,1.1164375871712031,1.8065123646559766,0.03419477027374773,0.09760125986742318,0.0
27.17993546133309,1.1164375871712031,1.8065123646559766,0.03419477027374773,0.09760125986742318,0.0
27.33895146384515,1.1164375871712031,1.8065123646559766,0.03419477027374773,0.09760125986742318,0.0
27.90279990585575,1.1164375871712031,1.8065123646559766,0.03419477027374773,0.09760125986742318,0.0
28.4545272611892,1.1164375871712031,1.8065123646559766,0.03419477027374773,0.09760125986742318,0.0
28.80173875504024,1.1164375871712031,1.8065123646559766,0.03419477027374773,0.09760125986742318,0.0
28.62542673724476,1.1164375871712031,1.8065123646559766,0.03419477027374773,0.09760125986742318,0.0
28.58069248114857,1.1164375871712031,1.8065123646559766,0.03419477027374773,0.09760125986742318,0.0
28.7158985425203,1.1164375871712031,1.8065123646559766,0.03419477027374773,0.09760125986742318,0.0
28.79607088543376,1.1164375871712031,1.8065123646559766,0.03419477027374773,0.09760125986742318,0.0
28.122617527028734,1.1164375871712031,1.8065123646559766,0.03419477027374773,0.09760125986742318,0.0
27.012442609502727,1.1164375871712031,1.8065123646559766,0.03419477027374773,0.09760125986742318,0.0
26.373732326473554,1.1164375871712031,1.8065123646559766,0.03419477027374773,0.09760125986742318,0.0
26.31522087098781,1.1164375871712031,1.8065123646559766,0.03419477027374773,0.09760125986742318,0.0
26.63883354825548,1.1164375871712031,1.8065123646559766,0.03419477027374773,0.09760125986742318,0.0
26.886142541473905,1.1164375871712031,1.8065123646559766,0.03419477027374773,0.09760125986742318,0.0
27.04159122195186,1.1164375871712031,1.8065123646559766,0.03419477027374773,0.09760125986742318,0.0
27.02532264513725,1.1164375871712031,1.8065123646559766,0.03419477027374773,0.09760125986742318,0.0
26.824573251550397,1.1164375871712031,1.8065123646559766,0.03419477027374773,0.09760125986742318,0.0
26.741126865590523,1.1164375871712031,1.8065123646559766,0.03419477027374773,0.09760125986742318,0.0
26.38609591849548,1.1164375871712031,1.8065123646559766,0.03419477027374773,0.09760125986742318,0.0
26.43684131900745,1.1164375871712031,1.8065123646559766,0.03419477027374773,0.09760125986742318,0.0
25.761465585208278,1.1164375871712031,1.8065123646559766,0.03419477027374773,0.09760125986742318,0.0
24.89574895376192,1.1164375871712031,1.8065123646559766,0.03419477027374773,0.09760125986742318,0.0
24.514704499864337,1.1164375871712031,1.8065123646559766,0.03419477027374773,0.09760125986742318,0.0
24.83356328463185,1.1164375871712031,1.8065123646559766,0.03419477027374773,0.09760125986742318,0.0
25.32301575390004,1.1164375871712031,1.8065123646559766,0.03419477027374773,0.09760125986742318,0.0
26.20458631556334,1.1164375871712031,1.8065123646559766,0.03419477027374773,0.09760125986742318,0.0
26.057934441027573,1.1164375871712031,1.8065123646559766,0.03419477027374773,0.09760125986742318,0.0
25.872206987863134,1.1164375871712031,1.8065123646559766,0.03419477027374773,0.09760125986742318,0.0
26.02146084787705,1.1164375871712031,1.8065123646559766,0.03419477027374773,0.09760125986742318,0.0
26.452277647395043,1.1164375871712031,1.8065123646559766,0.03419477027374773,0.09760125986742318,0.0
26.496812644401675,1.1164375871712031,1.8065123646559766,0.03419477027374773,0.09760125986742318,0.0
26.450718502212304,1.1164375871712031,1.8065123646559766,0.03419477027374773,0.09760125986742318,0.0
25.969317881220874,1.1164375871712031,1.8065123646559766,0.03419477027374773,0.09760125986742318,0.0
25.376764743008227,1.1164375871712031,1.8065123646559766,0.03419477027374773,0.09760125986742318,0.0
24.95340088676014,1.1164375871712031,1.8065123646559766,0.03419477027374773,0.09760125986742318,0.0
24.751300404145574,1.1164375871712031,1.8065123646559766,0.03419477027374773,0.09760125986742318,0.0
25.13090700909532,1.1164375871712031,1.8065123646559766,0.03419477027374773,0.09760125986742318,0.0
25.761260625517664,1.1164375871712031,1.8065123646559766,0.03419477027374773,0.09760125986742318,0.0
26.040017257497965,1.1164375871712031,1.8065123646559766,0.03419477027374773,0.09760125986742318,0.0
25.90745030777764,1.1164375871712031,1.8065123646559766,0.03419477027374773,0.09760125986742318,0.0
26.466442813491696,1.1164375871712031,1.8065123646559766,0.03419477027374773,0.09760125986742318,0.0
27.169712143054284,1.1164375871712031,1.8065123646559766,0.03419477027374773,0.09760125986742318,0.0
27.34895182219862,1.1164375871712031,1.8065123646559766,0.03419477027374773,0.09760125986742318,0.0
27.331348009876727,1.1164375871712031,1.8065123646559766,0.03419477027374773,0.09760125986742318,0.0
27.39925707854652,1.1164375871712031,1.8065123646559766,0.03419477027374773,0.09760125986742318,0.0
26.832059140508832,1.1164375871712031,1.8065123646559766,0.03419477027374773,0.09760125986742318,0.0
26.21745864323788,1.1164375871712031,1.8065123646559766,0.03419477027374773,0.09760125986742318,0.0
26.155866697002946,1.1164375871712031,1.8065123646559766,0.03419477027374773,0.09760125986742318,0.0
26.952583521826064,1.1164375871712031,1.8065123646559766,0.03419477027374773,0.09760125986742318,0.0
27.62018066669874,1.1164375871712031,1.8065123646559766,0.03419477027374773,0.09760125986742318,0.0
28.00380355056664,1.1164375871712031,1.8065123646559766,0.03419477027374773,0.09760125986742318,0.0
28.708819519320212,1.1164375871712031,1.8065123646559766,0.03419477027374773,0.09760125986742318,0.0
28.95726337521701,1.1164375871712031,1.8065123646559766,0.03419477027374773,0.09760125986742318,0.0
29.239707984202784,1.1164375871712031,1.8065123646559766,0.03419477027374773,0.09760125986742318,0.0
29.49254405960776,1.1164375871712031,1.8065123646559766,0.03419477027374773,0.09760125986742318,0.0
28.851003188151868,1.1164375871712031,1.8065123646559766,0.03419477027374773,0.09760125986742318,0.0
28.008612730940644,1.1164375871712031,1.8065123646559766,0.03419477027374773,0.09760125986742318,0.0
27.489649141590405,1.1164375871712031,1.8065123646559766,0.03419477027374773,0.09760125986742318,0.0
27.28416327875705,1.1164375871712031,1.8065123646559766,0.03419477027374773,0.09760125986742318,0.0
26.65569161126802,1.1164375871712031,1.8065123646559766,0.03419477027374773,0.09760125986742318,0.0
26.3496288594961,1.1164375871712031,1.8065123646559766,0.03419477027374773,0.09760125986742318,0.0
26.510794752262964,1.1164375871712031,1.8065123646559766,0.03419477027374773,0.09760125986742318,0.0
26.877026925885176,1.1164375871712031,1.8065123646559766,0.03419477027374773,0.09760125986742318,0.0
27.03119437742176,1.1164375871712031,1.8065123646559766,0.03419477027374773,0.09760125986742318,0.0
27.524625642065804,1.1164375871712031,1.8065123646559766,0.03419477027374773,0.09760125986742318,0.0
27.80770069536685,1.1164375871712031,1.8065123646559766,0.03419477027374773,0.09760125986742318,0.0
27.67748655008079,1.1164375871712031,1.8065123646559766,0.03419477027374773,0.09760125986742318,0.0
27.669131337559545,1.1164375871712031,1.8065123646559766,0.03419477027374773,0.09760125986742318,0.0
27.46698489739048,1.1164375871712031,1.8065123646559766,0.03419477027374773,0.09760125986742318,0.0
27.307815115792597,1.1164375871712031,1.8065123646559766,0.03419477027374773,0.09760125986742318,0.0
26.768893605491243,1.1164375871712031,1.8065123646559766,0.03419477027374773,0.09760125986742318,0.0
26.66014621175264,1.1164375871712031,1.8065123646559766,0.03419477027374773,0.09760125986742318,0.0
26.66688895881473,1.1164375871712031,1.8065123646559766,0.03419477027374773,0.09760125986742318,0.0
26.955235489673647,1.1164375871712031,1.8065123646559766,0.03419477027374773,0.09760125986742318,0.0
27.186156526055846,1.1164375871712031,1.8065123646559766,0.03419477027374773,0.09760125986742318,0.0
27.099855756970765,1.1164375871712031,1.8065123646559766,0.03419477027374773,0.09760125986742318,0.0
27.305013902487516,1.1164375871712031,1.8065123646559766,0.03419477027374773,0.09760125986742318,0.0
27.49619002127776,1.1164375871712031,1.8065123646559766,0.03419477027374773,0.09760125986742318,0.0
27.58147162512856,1.1164375871712031,1.8065123646559766,0.03419477027374773,0.09760125986742318,0.0
27.66524706733731,1.1164375871712031,1.8065123646559766,0.03419477027374773,0.09760125986742318,0.0
27.43400113460384,1.1164375871712031,1.8065123646559766,0.03419477027374773,0.09760125986742318,0.0
27.02307540641402,1.1164375871712031,1.8065123646559766,0.03419477027374773,0.09760125986742318,0.0
26.58361686532054,1.1164375871712031,1.8065123646559766,0.03419477027374773,0.09760125986742318,0.0
26.39801965000329,1.1164375871712031,1.8065123646559766,0.03419477027374773,0.09760125986742318,0.0
26.6406166589883,1.1164375871712031,1.8065123646559766,0.03419477027374773,0.09760125986742318,0.0
26.737945068751053,1.1164375871712031,1.8065123646559766,0.03419477027374773,0.09760125986742318,0.0
27.246075732286588,1.1164375871712031,1.8065123646559766,0.03419477027374773,0.09760125986742318,0.0
27.179795292577207,1.1164375871712031,1.8065123646559766,0.03419477027374773,0.09760125986742318,0.0
26.474877949524377,1.1164375871712031,1.8065123646559766,0.03419477027374773,0.09760125986742318,0.0
26.37864200483864,1.1164375871712031,1.8065123646559766,0.03419477027374773,0.09760125986742318,0.0
26.2462958655881,1.1164375871712031,1.8065123646559766,0.03419477027374773,0.09760125986742318,0.0
25.767261296656624,1.1164375871712031,1.8065123646559766,0.03419477027374773,0.09760125986742318,0.0
24.825029706001523,1.1164375871712031,1.8065123646559766,0.03419477027374773,0.09760125986742318,0.0
23.68996713331874,1.1164375871712031,1.8065123646559766,0.03419477027374773,0.09760125986742318,0.0
23.258991258109425,1.1164375871712031,1.8065123646559766,0.03419477027374773,0.09760125986742318,0.0
23.389428922483752,1.1164375871712031,1.8065123646559766,0.03419477027374773,0.09760125986742318,0.0
23.75081130647821,1.1164375871712031,1.8065123646559766,0.03419477027374773,0.09760125986742318,0.0
24.68683539065772,1.1164375871712031,1.8065123646559766,0.03419477027374773,0.09760125986742318,0.0
25.60742804069334,1.1164375871712031,1.8065123646559766,0.03419477027374773,0.09760125986742318,0.0
26.22788590642016,1.1164375871712031,1.8065123646559766,0.03419477027374773,0.09760125986742318,0.0
26.75797253379026,1.1164375871712031,1.8065123646559766,0.03419477027374773,0.09760125986742318,0.0
27.04901225502822,1.1164375871712031,1.8065123646559766,0.03419477027374773,0.09760125986742318,0.0
27.382342477203505,1.1164375871712031,1.8065123646559766,0.03419477027374773,0.09760125986742318,0.0
27.54403028150417,1.1164375871712031,1.8065123646559766,0.03419477027374773,0.09760125986742318,0.0
27.30541285975445,1.1164375871712031,1.8065123646559766,0.03419477027374773,0.09760125986742318,0.0
26.63021505694301,1.1164375871712031,1.8065123646559766,0.03419477027374773,0.09760125986742318,0.0
26.388448078655188,1.1164375871712031,1.8065123646559766,0.03419477027374773,0.09760125986742318,0.0
25.865693180845653,1.1164375871712031,1.8065123646559766,0.03419477027374773,0.09760125986742318,0.0
25.74963334441696,1.1164375871712031,1.8065123646559766,0.03419477027374773,0.09760125986742318,0.0
26.34537946452312,1.1164375871712031,1.8065123646559766,0.03419477027374773,0.09760125986742318,0.0
26.47264713729073,1.1164375871712031,1.8065123646559766,0.03419477027374773,0.09760125986742318,0.0
26.652193389419924,1.1164375871712031,1.8065123646559766,0.03419477027374773,0.09760125986742318,0.0
26.67245858600907,1.1164375871712031,1.8065123646559766,0.03419477027374773,0.09760125986742318,0.0
27.579286395404527,1.1164375871712031,1.8065123646559766,0.03419477027374773,0.09760125986742318,0.0
27.96455600253616,1.1164375871712031,1.8065123646559766,0.03419477027374773,0.09760125986742318,0.0
27.891753051403818,1.1164375871712031,1.8065123646559766,0.03419477027374773,0.09760125986742318,0.0
28.10404324170829,1.1164375871712031,1.8065123646559766,0.03419477027374773,0.09760125986742318,0.0
27.967369129527267,1.1164375871712031,1.8065123646559766,0.03419477027374773,0.09760125986742318,0.0
27.71341676305387,1.1164375871712031,1.8065123646559766,0.03419477027374773,0.09760125986742318,0.0
27.826703534166622,1.1164375871712031,1.8065123646559766,0.03419477027374773,0.09760125986742318,0.0
28.23074722653217,1.1164375871712031,1.8065123646559766,0.03419477027374773,0.09760125986742318,0.0
28.68518235555057,1.1164375871712031,1.8065123646559766,0.03419477027374773,0.09760125986742318,0.0
28.751831381300192,1.1164375871712031,1.8065123646559766,0.03419477027374773,0.09760125986742318,0.0
28.539592287440197,1.1164375871712031,1.8065123646559766,0.03419477027374773,0.09760125986742318,0.0
28.365960053369925,1.1164375871712031,1.8065123646559766,0.03419477027374773,0.09760125986742318,0.0
28.360223560846418,1.1164375871712031,1.8065123646559766,0.03419477027374773,0.09760125986742318,0.0
28.660478754737834,1.1164375871712031,1.8065123646559766,0.03419477027374773,0.09760125986742318,0.0
28.84720675456718,1.1164375871712031,1.8065123646559766,0.03419477027374773,0.09760125986742318,0.0
28.35792881156908,1.1164375871712031,1.8065123646559766,0.03419477027374773,0.09760125986742318,0.0
27.931812746308378,1.1164375871712031,1.8065123646559766,0.03419477027374773,0.09760125986742318,0.0
27.4605184617578,1.1164375871712031,1.8065123646559766,0.03419477027374773,0.09760125986742318,0.0
27.242980577348707,1.1164375871712031,1.8065123646559766,0.03419477027374773,0.09760125986742318,0.0
27.53490824422306,1.1164375871712031,1.8065123646559766,0.03419477027374773,0.09760125986742318,0.0
27.73417495305138,1.1164375871712031,1.8065123646559766,0.03419477027374773,0.09760125986742318,0.0
28.03666680666376,1.1164375871712031,1.8065123646559766,0.03419477027374773,0.09760125986742318,0.0
27.672203803728205,1.1164375871712031,1.8065123646559766,0.03419477027374773,0.09760125986742318,0.0
